10000129947897212,0.03763,-0.01273,0.08236,0.69020,-0.72295,0.01895,0.02457,-0.11577,0.04935,-0.19148,
10000130297651874,0.00788,-0.00334,0.02625,0.67802,-0.73489,-0.01500,-0.00198,-0.04313,-0.01158,-0.04226,
10000130647406664,0.02557,-0.00895,0.05655,0.68133,-0.73190,-0.00664,0.00768,0.14216,-0.01771,0.14271,
10000130897231722,0.07032,-0.01139,0.08521,0.69016,-0.72358,0.00797,0.00632,0.18129,-0.01483,0.07189,
10000131147056904,0.09184,-0.00913,0.08561,0.69627,-0.71759,0.01658,0.00095,-0.05230,0.02479,-0.08412,
10000131396882152,0.06030,-0.00765,0.05341,0.69003,-0.72336,0.02052,0.01388,-0.18013,-0.00738,-0.13285,
10000131646707414,0.02090,-0.01306,0.02331,0.69261,-0.72084,-0.00428,0.02576,-0.13044,-0.01600,-0.12220,
10000131896532682,0.00105,-0.01468,0.00102,0.68873,-0.72460,-0.01409,0.02043,-0.04425,-0.01501,-0.05020,
10000132146357962,0.00287,-0.01386,-0.00219,0.69203,-0.72140,0.00751,0.02502,-0.02001,0.01511,0.00019,
10000132396183294,-0.00318,-0.01202,-0.00053,0.69703,-0.71654,0.01132,0.02424,-0.02005,0.01045,0.00081,
10000132646008704,-0.00332,-0.01149,-0.00032,0.69593,-0.71761,0.01231,0.02394,-0.00271,0.00595,-0.00149,
10000132845869002,-0.00294,-0.01178,-0.00020,0.69195,-0.72140,0.01326,0.02481,-0.00105,0.00208,-0.00259,
10000133045729334,-0.00285,-0.01177,-0.00031,0.69161,-0.72172,0.01319,0.02491,-0.00384,0.00456,-0.00406,
10000133295554822,-0.00331,-0.01142,-0.00046,0.69103,-0.72227,0.01311,0.02490,-0.00160,0.00080,-0.00199,
10000133495415304,-0.00336,-0.01149,-0.00042,0.69141,-0.72191,0.01325,0.02507,-0.00268,0.00098,-0.00340,
10000133695275764,-0.00332,-0.01181,-0.00041,0.69160,-0.72172,0.01337,0.02518,-0.00423,0.00026,-0.00384,
10000133895136242,-0.00332,-0.01215,-0.00030,0.69172,-0.72159,0.01358,0.02536,-0.00318,-0.00307,-0.00208,
10000134045031612,-0.00314,-0.01225,-0.00006,0.69190,-0.72142,0.01367,0.02541,-0.00159,-0.00719,0.00009,
10000134244892142,-0.00307,-0.01214,0.00008,0.69184,-0.72148,0.01367,0.02537,-0.00145,-0.00649,-0.00027,
10000134444752672,-0.00288,-0.01242,0.00019,0.69205,-0.72127,0.01384,0.02549,-0.00082,-0.00500,-0.00002,
10000134594648092,-0.00284,-0.01256,0.00023,0.69153,-0.72177,0.01397,0.02535,-0.00249,-0.00299,0.00037,
10000134794508704,0.00023,-0.01214,-0.00009,0.68877,-0.72445,0.01245,0.02478,0.05263,0.00128,-0.00428,
10000134994369322,0.02014,-0.01183,0.00988,0.67724,-0.73539,0.00595,0.02260,0.14541,-0.00559,0.15050,
10000135194229944,0.06144,-0.01088,0.05451,0.67517,-0.73733,-0.00779,0.02070,0.24801,0.01441,0.29188,
10000135394090592,0.11469,-0.00537,0.12034,0.67668,-0.73560,-0.00268,0.03145,0.27213,0.03612,0.33239,
10000135593951342,0.17164,0.00297,0.17683,0.67928,-0.73293,0.00961,0.03608,0.30210,0.03561,0.20031,
10000135793812202,0.24173,0.01132,0.20656,0.67215,-0.73992,-0.00361,0.02669,0.38638,0.04309,0.13539,
10000136043638524,0.34628,0.02984,0.24305,0.69118,-0.72266,0.00262,0.00577,0.45341,0.10207,0.14809,
10000136293464974,0.44703,0.05098,0.27120,0.68885,-0.72218,0.04942,-0.03860,0.34068,0.06391,0.07098,
10000136493326172,0.51449,0.06107,0.28439,0.68529,-0.71512,0.09994,-0.09484,0.32408,0.05038,0.08030,
10000136743152734,0.57676,0.07320,0.29582,0.65605,-0.71085,0.20134,-0.15415,0.12348,0.07420,-0.00741,
10000136943013962,0.59365,0.09122,0.28344,0.62607,-0.72813,0.21650,-0.17605,0.09730,0.17087,-0.09687,
10000137242805934,0.65990,0.16055,0.27473,0.62187,-0.75172,0.16743,-0.14200,0.25950,0.30021,0.04721,
10000137542598092,0.72127,0.23869,0.29282,0.63592,-0.76099,0.07407,-0.10493,0.04023,0.26336,0.03142,
10000137792425002,0.73311,0.27416,0.30568,0.64521,-0.75868,0.04354,-0.07878,-0.05686,0.14382,0.03060,
10000138042251922,0.73142,0.28922,0.30854,0.64522,-0.75923,0.04385,-0.07306,-0.10587,0.11793,-0.00935,
10000138342044384,0.71948,0.30431,0.30565,0.63839,-0.76615,0.03943,-0.06253,-0.07057,0.13606,-0.02875,
10000138591871584,0.73475,0.33532,0.29687,0.63080,-0.77158,0.04783,-0.06681,0.11524,0.26685,-0.05036,
10000138841698884,0.78122,0.42293,0.29460,0.64363,-0.76214,0.03546,-0.06023,0.22858,0.43771,0.04662,
10000139141491822,0.84890,0.56693,0.31124,0.65349,-0.75558,-0.01771,-0.04169,0.15331,0.54545,0.02344,
10000139391319404,0.87763,0.71461,0.31775,0.65802,-0.75248,-0.00256,-0.02784,0.05353,0.66454,-0.00804,
10000139641147024,0.88758,0.88696,0.32059,0.65771,-0.75183,0.01593,-0.04383,0.04318,0.72195,0.01955,
10000139890974524,0.91247,1.08110,0.31931,0.64143,-0.76312,0.04409,-0.06529,0.10908,0.89066,-0.01005,
10000140140801902,0.94813,1.32693,0.31910,0.67004,-0.73984,0.03263,-0.05119,0.14292,0.99850,0.04525,
10000140390629184,0.96996,1.57233,0.33997,0.66834,-0.74281,-0.00354,-0.03944,0.04697,0.95012,0.03780,
10000140690421874,0.97762,1.87659,0.32761,0.67407,-0.73707,0.00420,-0.04830,0.01021,1.05581,0.00011,
10000140990214262,0.98885,2.18927,0.33358,0.65779,-0.74900,0.03557,-0.07111,0.04725,1.02926,-0.01994,
10000141290006492,1.00580,2.51344,0.32984,0.67080,-0.74034,0.00992,-0.04275,-0.00602,1.10327,0.09438,
10000141589798654,0.98673,2.83572,0.34446,0.65997,-0.75097,-0.01303,-0.01780,-0.17188,1.07181,-0.07950,
10000141839625404,0.94436,3.11131,0.33343,0.65334,-0.75677,0.00784,-0.01972,-0.18254,1.02368,0.05391,
10000142139417482,0.91131,3.42935,0.33650,0.65103,-0.75827,0.02149,-0.02682,-0.10212,1.04981,-0.12230,
10000142389244274,0.88724,3.68698,0.33631,0.66042,-0.75073,0.00873,-0.01309,-0.15600,0.99139,0.07739,
10000142639071052,0.85365,3.93288,0.34466,0.65920,-0.75153,0.01242,-0.02253,-0.13326,0.91875,-0.04021,
10000142838932554,0.82380,4.10900,0.34022,0.65302,-0.75598,0.03441,-0.02948,-0.17668,0.71911,0.04688,
10000143038794092,0.80305,4.26445,0.34238,0.64557,-0.76138,0.04536,-0.03852,-0.07379,0.77765,-0.06604,
10000143288621124,0.81630,4.44626,0.33166,0.66319,-0.73934,0.08888,-0.07518,0.16134,0.61678,0.05356,
10000143488482794,0.85029,4.53973,0.34129,0.66822,-0.71666,0.15742,-0.12289,0.13851,0.40226,0.02401,
10000143688344502,0.87824,4.59520,0.34180,0.66322,-0.66343,0.26959,-0.21754,0.15050,0.15304,-0.03980,
10000143888206324,0.92157,4.60445,0.32957,0.59898,-0.60781,0.41277,-0.31845,0.24950,-0.05812,-0.08186,
10000144138033762,0.99351,4.58384,0.31850,0.52857,-0.56734,0.48593,-0.40325,0.39082,-0.02928,-0.05227,
10000144387861482,1.13439,4.57079,0.31579,0.50260,-0.54714,0.51852,-0.42328,0.72038,-0.09677,-0.01238,
10000144637689274,1.33903,4.57700,0.32449,-0.49310,0.55514,-0.50713,0.43759,0.85775,-0.01905,0.06998,
10000144837551404,1.51777,4.59267,0.33761,-0.49078,0.54686,-0.51283,0.44395,0.95376,0.09682,0.01027,
10000145087379032,1.76795,4.62526,0.34141,-0.48293,0.52615,-0.51965,0.46895,1.03537,0.13032,0.10526,
10000145337206554,2.02358,4.64976,0.35169,0.45204,-0.51876,0.54786,-0.47581,1.10098,0.01554,-0.09759,
10000145537068482,2.25511,4.65082,0.32837,0.44887,-0.49818,0.55276,-0.49476,1.19855,-0.02223,-0.03052,
10000145786895882,2.55708,4.66237,0.34685,0.45806,-0.50722,0.53439,-0.49733,1.21018,0.09720,0.08976,
10000145986757792,2.79466,4.68490,0.34462,0.46192,-0.50063,0.53218,-0.50277,1.19175,0.12800,-0.05085,
10000146286550714,3.13603,4.71072,0.36135,0.44116,-0.47423,0.56414,-0.51208,1.04783,0.01524,0.06374,
10000146486412642,3.33587,4.70940,0.34847,0.43421,-0.46537,0.56311,-0.52706,1.13324,-0.02741,-0.13884,
10000146736240092,3.60018,4.69600,0.34160,0.43860,-0.45665,0.55430,-0.54022,1.05185,0.00496,0.07336,
10000146986067564,3.83317,4.71413,0.34262,-0.43720,0.47353,-0.53520,0.54607,0.97033,0.08392,-0.05092,
10000147285860622,4.08726,4.72114,0.35216,0.41782,-0.45693,0.56818,-0.54205,0.87669,-0.06877,0.06236,
10000147585653674,4.30931,4.70606,0.34316,0.42419,-0.45960,0.56431,-0.53888,0.66021,-0.05534,-0.01981,
10000147835481362,4.42317,4.67968,0.34575,0.41047,-0.42807,0.58482,-0.55340,0.39308,-0.16533,0.01981,
10000148085309252,4.46596,4.61992,0.34253,0.32734,-0.32047,0.65357,-0.60249,0.11253,-0.26609,0.00748,
10000148335137424,4.43476,4.54698,0.33769,0.19888,-0.18405,0.71549,-0.64393,-0.08671,-0.33051,-0.05497,
10000148584965912,4.40658,4.43475,0.32120,0.11042,-0.08894,0.75141,-0.64442,-0.01174,-0.61566,-0.08358,
10000148884760342,4.39691,4.21399,0.32522,0.05611,-0.03336,0.74334,-0.66572,-0.03887,-0.82301,0.11267,
10000149134589134,4.41010,3.99077,0.34094,0.01161,0.00415,0.72926,-0.68412,0.09395,-0.95345,-0.01718,
10000149384418072,4.44225,3.73940,0.33349,-0.02773,0.05686,0.71310,-0.69820,0.10480,-1.02354,0.04458,
10000149584281122,4.46031,3.53492,0.35007,-0.06823,0.09612,0.71017,-0.69409,0.06335,-1.03122,0.06201,
10000149834109742,4.45558,3.27439,0.34308,-0.08412,0.11589,0.70179,-0.69784,-0.11340,-1.12129,-0.05554,
10000150083938252,4.42390,3.00301,0.36308,0.07946,-0.11930,-0.69149,0.70802,-0.08461,-1.04934,0.09290,
10000150333766724,4.41827,2.75609,0.37067,0.09832,-0.11818,-0.68082,0.71614,-0.00753,-0.97663,0.01316,
10000150583595234,4.40761,2.52680,0.38113,0.12493,-0.16370,-0.64619,0.73487,-0.07628,-0.88618,0.00322,
10000150833423772,4.39684,2.33342,0.36318,0.14092,-0.17224,-0.65235,0.72451,-0.02357,-0.73420,-0.17924,
10000151083252342,4.38508,2.18185,0.31965,0.11399,-0.15824,-0.66650,0.71954,-0.02771,-0.55374,-0.13372,
10000151333080992,4.37126,2.08911,0.29474,0.11838,-0.14445,-0.69030,0.69901,-0.02441,-0.31052,-0.07725,
10000151532943994,4.37090,2.05780,0.27726,-0.13159,0.16759,0.69148,-0.69026,0.04963,-0.20022,-0.12649,
10000151782772902,4.37675,2.03213,0.19876,0.14377,-0.17796,-0.68579,0.69091,-0.00897,-0.13745,-0.55270,
10000152082567564,4.38002,1.99959,-0.00332,-0.14128,0.16821,0.71606,-0.66257,0.02440,-0.09647,-0.58504,
10000152332396512,4.38743,1.99380,-0.08826,-0.13216,0.15010,0.71951,-0.66506,0.00452,0.00294,-0.00974,
10000152582225584,4.38664,1.99728,0.03778,-0.11065,0.13937,0.72224,-0.66836,-0.02092,0.08527,0.89942,
10000152882020474,4.37122,2.03400,0.28797,-0.07721,0.11523,0.72029,-0.67966,-0.05948,0.11883,0.57707,
10000153131849424,4.35437,2.07086,0.34490,-0.07882,0.11257,0.71046,-0.69019,-0.10404,0.21173,-0.01969,
10000153381678342,4.31621,2.14144,0.33954,-0.15359,0.17767,0.70176,-0.67259,-0.11919,0.31947,0.00974,
10000153631507392,4.30532,2.25736,0.33620,-0.26507,0.31089,0.66033,-0.63011,0.01700,0.56988,-0.01578,
10000153931302554,4.30223,2.44625,0.33567,-0.40170,0.44584,0.58280,-0.54792,-0.04658,0.65371,-0.02565,
10000154231097992,4.30023,2.64973,0.32174,0.50944,-0.55642,-0.49208,0.43442,0.06964,0.68989,-0.02420,
10000154530893734,4.34279,2.83416,0.33169,0.61313,-0.63578,-0.34937,0.31272,0.15896,0.51028,0.03881,
10000154780723832,4.40061,2.94261,0.33661,0.65377,-0.71118,-0.18724,0.17815,0.31359,0.40015,0.00580,
10000154980588014,4.45859,3.03009,0.32879,0.66345,-0.73964,-0.07810,0.08163,0.25080,0.52960,-0.07483,
10000155280384192,4.48772,3.21509,0.31255,0.66739,-0.74457,-0.00987,0.01069,-0.01460,0.70511,0.01363,
10000155480248234,4.47151,3.36114,0.32524,0.67285,-0.73970,-0.00876,-0.00656,-0.11830,0.79177,0.05949,
10000155730078272,4.42618,3.58677,0.32294,0.68282,-0.72944,0.02981,-0.02818,-0.18416,0.94623,-0.02247,
10000156029874142,4.38127,3.86186,0.33948,0.69511,-0.70943,0.08369,-0.08076,-0.10513,0.92859,-0.03225,
10000156229737944,4.37798,4.04790,0.32444,0.68895,-0.70917,0.11081,-0.10077,0.06681,0.97639,-0.11480,
10000156529533504,4.43659,4.30817,0.32388,0.69019,-0.69697,0.13163,-0.14330,0.29746,0.77435,0.04292,
10000156679431272,4.49099,4.41236,0.32424,0.67461,-0.69227,0.17971,-0.18267,0.40910,0.72568,-0.03999,
10000156879294944,4.57877,4.54099,0.32108,0.65602,-0.66559,0.26050,-0.24242,0.42576,0.60747,-0.02140,
10000157079158652,4.64727,4.64137,0.32147,0.63373,-0.66308,0.27565,-0.28763,0.32269,0.40741,0.01473,
10000157279022432,4.74968,4.70944,0.31775,0.61916,-0.65375,0.31748,-0.29741,0.69845,0.34224,-0.04480,
10000157528852184,4.92951,4.76872,0.31499,0.59890,-0.63898,0.35290,-0.32936,0.72809,0.17031,0.00007,
10000157778682062,5.11407,4.78813,0.30948,0.55071,-0.61641,0.41253,-0.38285,0.74090,0.05305,-0.03838,
10000157978546104,5.26356,4.78228,0.30139,0.50356,-0.56687,0.48263,-0.43835,0.75787,0.01504,-0.03492,
10000158228376232,5.44167,4.77470,0.30792,0.43548,-0.49986,0.56192,-0.49472,0.75778,-0.03024,-0.02315,
10000158478206392,5.64994,4.75461,0.29882,0.40071,-0.47923,0.58801,-0.51382,0.92882,-0.05303,-0.05198,
10000158728036594,5.88730,4.74223,0.31354,0.41250,-0.48410,0.56332,-0.52741,0.91291,-0.03785,0.11174,
10000158977866772,6.11592,4.75389,0.33348,0.41419,-0.48387,0.55771,-0.53223,0.93014,0.09567,-0.02580,
10000159177730974,6.30717,4.76740,0.32496,0.39630,-0.46126,0.58280,-0.53901,0.96862,0.01745,-0.00052,
10000159427561152,6.53043,4.75687,0.33603,0.36808,-0.41657,0.61423,-0.56010,0.87266,-0.06149,0.00102,
10000159627425322,6.71656,4.73154,0.31901,0.36221,-0.40124,0.60813,-0.58137,0.90166,-0.25591,-0.00477,
10000159877255512,6.92087,4.65864,0.33809,0.31936,-0.35749,0.64140,-0.59902,0.68149,-0.32907,0.09141,
10000160027153592,7.01854,4.60596,0.34427,0.28554,-0.30073,0.65994,-0.62651,0.63080,-0.36909,-0.00712,
10000160227017762,7.12459,4.52688,0.34812,0.21025,-0.18831,0.70656,-0.64893,0.40763,-0.44001,0.03015,
10000160426881984,7.18880,4.41667,0.34503,0.12471,-0.10548,0.73064,-0.66294,0.23786,-0.64406,-0.03458,
10000160676712362,7.24713,4.22566,0.33172,0.05759,-0.04800,0.73058,-0.67870,0.23745,-0.82488,0.02105,
10000160876576712,7.29427,4.05321,0.34829,0.01787,-0.01989,0.73252,-0.68022,0.24318,-0.86549,0.03396,
10000161076441084,7.33744,3.88396,0.35356,-0.02267,0.02393,0.72711,-0.68572,0.21480,-0.82597,0.03266,
10000161276305454,7.37451,3.71356,0.36382,-0.05570,0.07125,0.71228,-0.69605,0.19360,-0.87725,0.06215,
10000161526135882,7.40157,3.48731,0.36062,-0.08006,0.11129,0.73241,-0.66691,0.05338,-0.94413,-0.09798,
10000161726000194,7.40136,3.29179,0.34930,-0.07995,0.11877,0.72535,-0.67333,-0.00376,-0.96369,0.05024,
10000162025796624,7.42228,3.00586,0.36982,-0.08777,0.09926,0.72452,-0.67640,0.13645,-0.92950,-0.00290,
10000162175694812,7.44481,2.86128,0.35736,-0.08277,0.09437,0.72728,-0.67477,0.14324,-0.96760,-0.15780,
10000162425525052,7.47229,2.63637,0.33207,-0.10898,0.12559,0.73603,-0.65620,0.11584,-0.81950,-0.04960,
10000162625389224,7.48472,2.49045,0.31934,-0.11433,0.12891,0.72688,-0.66480,0.06305,-0.69773,-0.12088,
10000162875219482,7.49456,2.35325,0.27852,-0.11452,0.11033,0.73066,-0.66396,0.06683,-0.46545,-0.22302,
10000163075083682,7.50031,2.27916,0.21061,-0.12758,0.10682,0.74133,-0.65019,0.05515,-0.30594,-0.45482,
10000163324913964,7.51256,2.22597,0.07378,-0.13401,0.11400,0.75505,-0.63162,0.06617,-0.16372,-0.53236,
10000163574744282,7.51678,2.19950,-0.00720,-0.13917,0.12928,0.76442,-0.61611,-0.01006,-0.04456,0.01487,
10000163824574762,7.50597,2.19452,0.09107,-0.13622,0.13863,0.76905,-0.60893,-0.06806,-0.00537,0.64543,
10000164024439362,7.47840,2.20500,0.21995,-0.13170,0.15245,0.76655,-0.60977,-0.17983,0.09384,0.50859,
10000164324236402,7.41449,2.26650,0.30750,-0.19657,0.22975,0.72004,-0.62459,-0.20615,0.29089,0.10144,
10000164574067314,7.37901,2.37721,0.32049,-0.32849,0.38235,0.64707,-0.57202,-0.03157,0.59329,-0.01026,
10000164773932104,7.38122,2.50959,0.31423,-0.42018,0.48977,0.58634,-0.48968,0.05939,0.71317,-0.00784,
10000165023763244,7.40315,2.70051,0.31529,0.50349,-0.59646,-0.48785,0.39082,0.15101,0.81495,-0.00415,
10000165273594582,7.45692,2.91643,0.31245,0.56852,-0.67422,-0.37602,0.28431,0.28087,0.89829,0.01442,
10000165523426144,7.53634,3.12591,0.31889,0.61578,-0.71136,-0.26990,0.20480,0.30252,0.78079,-0.00393,
10000165723291462,7.58922,3.27755,0.31748,0.62686,-0.74238,-0.19067,0.13986,0.21305,0.72804,-0.01039,
10000165973123002,7.61618,3.46450,0.31260,0.63367,-0.76376,-0.10150,0.06953,0.01897,0.75994,0.01984,
10000166172988084,7.59877,3.61303,0.32166,0.64922,-0.75885,-0.05037,0.01046,-0.06661,0.68978,0.08450,
10000166422819334,7.56149,3.80421,0.31988,0.64388,-0.76391,-0.04198,0.00958,-0.19389,0.86383,-0.03595,
10000166622684262,7.50656,3.98053,0.31520,0.65731,-0.74634,-0.08730,0.05750,-0.33025,0.87702,0.02224,
10000166772582922,7.43011,4.09849,0.32455,0.64286,-0.74034,-0.16344,0.10920,-0.55828,0.73630,0.08497,
10000167072380222,7.22997,4.28231,0.33127,0.62749,-0.69521,-0.28646,0.20221,-0.67516,0.52968,-0.00920,
10000167272245112,7.09040,4.38366,0.33653,0.60764,-0.67642,-0.33594,0.24571,-0.69263,0.47206,0.05369,
10000167522076152,6.89685,4.50520,0.33875,0.55573,-0.65912,-0.40408,0.30569,-0.82747,0.48997,-0.06360,
10000167721940954,6.73017,4.59903,0.32630,0.53423,-0.61294,-0.45341,0.36514,-0.88809,0.39453,-0.02827,
10000167971771954,6.51754,4.67474,0.33781,-0.48846,0.57428,0.52068,-0.40062,-0.85637,0.20586,0.00528,
10000168171636912,6.33305,4.72089,0.33337,-0.48018,0.55688,0.52742,-0.42561,-0.93865,0.21640,-0.02486,
10000168421468234,6.10285,4.77622,0.33544,-0.47922,0.57142,0.52662,-0.40804,-0.89506,0.23427,-0.00568,
10000168671299362,5.86629,4.83951,0.32068,-0.48075,0.56216,0.52803,-0.41718,-1.03149,0.30795,-0.05961,
10000168921130524,5.61686,4.88969,0.33569,-0.47155,0.54559,0.54527,-0.42738,-1.00913,0.08875,0.03279,
10000169170961714,5.36705,4.89219,0.32838,-0.45951,0.54730,0.54966,-0.43266,-1.03178,-0.03352,-0.07290,
10000169370826622,5.15981,4.87519,0.32735,-0.44930,0.55881,0.54968,-0.42861,-1.01180,-0.03922,0.03757,
10000169670623974,4.85526,4.87940,0.31851,-0.44600,0.55867,0.55942,-0.41955,-1.05412,0.10514,-0.06953,
10000169870488852,4.64826,4.89249,0.32747,-0.45655,0.53445,0.55977,-0.43884,-0.97610,0.05082,0.14332,
10000170120319844,4.39139,4.88266,0.34589,-0.44570,0.53407,0.56952,-0.43792,-1.05439,-0.05695,-0.03198,
10000170320184574,4.17700,4.86184,0.34164,-0.46125,0.53391,0.55119,-0.44539,-1.07415,-0.07536,0.01296,
10000170570015414,3.91381,4.85280,0.34574,-0.46013,0.56039,0.55206,-0.41168,-1.00655,0.01657,-0.05038,
10000170819846234,3.64698,4.86383,0.33234,-0.46229,0.55559,0.54509,-0.42484,-1.05076,0.06242,0.01385,
10000171019710884,3.42999,4.86707,0.34644,-0.45946,0.54220,0.56346,-0.42122,-1.04356,0.01626,0.07343,
10000171269541662,3.16439,4.86591,0.34929,-0.46233,0.54825,0.55401,-0.42279,-1.10415,-0.00918,-0.04714,
10000171519372484,2.90052,4.86884,0.35006,-0.47522,0.57289,0.53087,-0.40514,-1.01630,0.01469,0.01348,
10000171769203324,2.64404,4.88781,0.33425,-0.47864,0.57864,0.52845,-0.39600,-1.06294,0.11552,-0.10677,
10000172019034242,2.37469,4.91190,0.33773,-0.47926,0.54948,0.54708,-0.41120,-1.08990,0.02516,0.06947,
10000172268865174,2.11313,4.90611,0.34073,-0.47028,0.53876,0.55859,-0.42018,-1.05066,-0.05872,-0.06839,
10000172518696214,1.86732,4.90235,0.33623,-0.46410,0.55407,0.55137,-0.41665,-0.88883,0.01958,0.02757,
10000172718561062,1.68893,4.90962,0.33471,-0.45731,0.53957,0.56830,-0.42043,-0.88570,0.03569,-0.08967,
10000172968392182,1.48138,4.90370,0.32641,-0.43572,0.46222,0.61928,-0.46151,-0.75042,-0.13022,0.07137,
10000173218223384,1.32285,4.83586,0.33829,-0.38233,0.38128,0.67461,-0.50334,-0.54734,-0.41146,-0.01517,
10000173418088524,1.22572,4.74642,0.33840,-0.33509,0.33112,0.70174,-0.53445,-0.42458,-0.48616,0.00262,
10000173667920002,1.14128,4.62348,0.33319,-0.26439,0.24327,0.74137,-0.56682,-0.30090,-0.54646,-0.07324,
10000173917751594,1.06099,4.48379,0.32207,-0.17132,0.14093,0.76502,-0.60460,-0.29598,-0.53888,0.02562,
10000174167583342,1.00694,4.33905,0.33189,-0.10158,0.05358,0.77785,-0.61786,-0.14589,-0.61562,-0.00601,
10000174367448912,0.98538,4.19978,0.32567,-0.06870,0.02429,0.77745,-0.62470,-0.07691,-0.77663,-0.04965,
10000174617280842,0.96679,3.99228,0.33395,-0.06404,0.02136,0.77636,-0.62666,-0.08994,-0.84251,0.08497,
10000174867112662,0.94151,3.76903,0.34842,-0.05784,0.03590,0.76722,-0.63776,-0.13610,-0.95259,-0.02824,
10000175066978052,0.91926,3.57268,0.34386,-0.04198,0.01873,0.75198,-0.65758,-0.13118,-1.01764,0.06177,
10000175316809672,0.91079,3.32554,0.36646,-0.02792,-0.02965,0.74982,-0.66039,-0.00516,-1.00774,0.02692,
10000175516674902,0.92148,3.12046,0.35891,-0.01665,-0.02772,0.74644,-0.66467,0.03334,-1.05962,-0.03592,
10000175766506412,0.93276,2.87182,0.36657,-0.02613,0.00798,0.75543,-0.65466,-0.05024,-0.97314,0.02513,
10000176016337814,0.91738,2.62006,0.35400,-0.02880,0.01909,0.75602,-0.65363,-0.09873,-1.06782,-0.09142,
10000176216202964,0.90401,2.41159,0.35541,-0.01368,-0.00678,0.75174,-0.65929,-0.07690,-1.01910,0.09527,
10000176466034314,0.89671,2.15651,0.36608,-0.01342,-0.02042,0.75800,-0.65180,-0.00661,-1.03689,-0.02961,
10000176765831914,0.90842,1.85838,0.36185,-0.03046,0.00529,0.75602,-0.65382,0.02072,-0.92426,0.05564,
10000177015663334,0.91186,1.63259,0.35538,-0.03879,0.01362,0.76873,-0.63825,-0.03308,-0.96133,-0.12824,
10000177265494802,0.89769,1.38812,0.33625,-0.02492,0.00851,0.76671,-0.64145,-0.06086,-1.01396,0.04649,
10000177565292622,0.87970,1.11112,0.35162,-0.03186,-0.00159,0.76729,-0.64050,-0.03397,-0.93845,-0.02732,
10000177865090582,0.86340,0.84622,0.34984,-0.06439,0.06033,0.75677,-0.64770,-0.09977,-0.83237,0.03147,
10000178164888684,0.79525,0.61101,0.34454,-0.10866,0.12849,0.75776,-0.63046,-0.34589,-0.83727,-0.07040,
10000178414720572,0.68606,0.42468,0.34820,-0.15906,0.17351,0.73243,-0.63886,-0.45856,-0.65150,0.09486,
10000178664552514,0.57274,0.31524,0.36437,-0.23769,0.23578,0.70042,-0.63033,-0.41801,-0.42944,-0.01094,
10000178964350964,0.46498,0.22643,0.35347,-0.35946,0.37622,0.63363,-0.57250,-0.28532,-0.26389,-0.00409,
10000179214183142,0.40838,0.21261,0.34822,-0.43966,0.49867,0.57119,-0.48142,-0.20702,-0.00901,-0.05125,
10000179464015464,0.36137,0.23217,0.33010,-0.49845,0.56489,0.51373,-0.41052,-0.15462,0.04529,-0.07362,
10000179763814322,0.33796,0.26507,0.31999,0.55487,-0.62559,-0.43647,0.33204,-0.07390,0.08101,0.00648,
10000180063613582,0.32423,0.28901,0.33125,0.62256,-0.68441,-0.29683,0.23641,0.02084,0.06412,0.05082,
10000180263480004,0.34066,0.31300,0.33599,0.64318,-0.72551,-0.19512,0.14795,0.14570,0.15275,0.00309,
10000180513313264,0.39309,0.34395,0.34062,0.66153,-0.74426,-0.08065,0.04422,0.23281,0.09481,0.00554,
10000180763146764,0.43960,0.36143,0.33364,0.66155,-0.74914,-0.03202,-0.01112,0.12844,0.07078,-0.06689,
10000180963013614,0.45160,0.37036,0.32218,0.65093,-0.75800,-0.04045,-0.00944,0.02628,0.01385,-0.04936,
10000181212847204,0.42932,0.35828,0.29784,0.63565,-0.76969,-0.05856,0.00974,-0.12695,-0.09961,-0.06201,
10000181412714172,0.38922,0.33463,0.28655,0.62755,-0.77553,-0.06313,0.02727,-0.29432,-0.13918,-0.05662,
10000181662547974,0.30102,0.29861,0.27596,0.63510,-0.77077,-0.04207,0.02819,-0.45021,-0.12612,-0.02446,
10000181862414952,0.20767,0.27091,0.28552,0.65537,-0.75518,-0.00425,0.01329,-0.45328,-0.11758,0.08318,
10000182112248384,0.10756,0.24200,0.29421,0.66349,-0.74788,-0.01941,0.00923,-0.33032,-0.11457,-0.04350,
10000182362081774,0.04062,0.21859,0.26899,0.68213,-0.72608,-0.07934,0.03479,-0.19080,-0.05951,-0.14126,
10000182661881904,-0.00653,0.20190,0.21383,0.66654,-0.73976,-0.08435,0.03686,-0.18262,-0.05357,-0.19138,
10000182861748782,-0.04578,0.18148,0.17281,0.66830,-0.74255,-0.03706,0.02491,-0.20057,-0.14309,-0.26023,
10000183111582574,-0.10110,0.13740,0.09665,0.68560,-0.72773,-0.01806,0.00570,-0.17963,-0.11567,-0.24962,
10000183361416584,-0.12595,0.12530,0.05689,0.71127,-0.70257,-0.02190,-0.00274,-0.02450,0.00895,-0.07390,
10000183611250802,-0.13093,0.13426,0.03923,0.72470,-0.68843,-0.01366,-0.02618,0.01099,0.08934,-0.04416,
10000183911051954,-0.11923,0.15791,0.03375,0.71490,-0.69909,0.01388,0.00148,0.06515,0.04884,-0.00436,
10000184160886272,-0.12068,0.16306,0.03189,0.70584,-0.70794,0.00439,0.02419,0.00087,0.00626,-0.00358,
10000184460687702,-0.12008,0.16270,0.03215,0.70683,-0.70692,0.00439,0.02522,-0.00037,0.01492,-0.00398,
10000184710522392,-0.11847,0.16181,0.03255,0.70495,-0.70884,0.00327,0.02411,0.00625,0.00112,0.00076,
10000184910390204,-0.11828,0.16136,0.03241,0.70507,-0.70872,0.00307,0.02413,0.00311,0.00539,-0.00022,
10000185110258064,-0.11820,0.16102,0.03229,0.70540,-0.70838,0.00323,0.02439,0.00561,0.00229,0.00049,
10000185360092902,-0.11803,0.16113,0.03222,0.70468,-0.70911,0.00295,0.02414,0.00819,-0.00045,0.00314,
10000185559960804,-0.11780,0.16070,0.03241,0.70478,-0.70900,0.00304,0.02434,0.00840,0.00003,0.00336,
10000185709861772,-0.11783,0.16072,0.03230,0.70453,-0.70925,0.00287,0.02429,0.00838,0.00090,0.00360,
10000185909729782,-0.11726,0.16096,0.03234,0.70378,-0.71000,0.00256,0.02403,0.01070,-0.00018,0.00390,
10000186109597814,-0.11722,0.16255,0.03220,0.69956,-0.71425,0.00247,0.02139,0.01335,-0.01039,0.00708,
10000186309465824,-0.11687,0.16379,0.03158,0.69647,-0.71738,0.00506,0.01658,0.00454,0.03206,-0.00083,
10000186509333802,-0.11031,0.16787,0.03434,0.68141,-0.73162,-0.00250,0.01990,0.11536,0.00037,0.08099,
10000186709201754,-0.07295,0.16615,0.07916,0.67205,-0.73683,-0.03495,0.06481,0.24425,0.02219,0.33741,
10000186909069772,-0.02096,0.17706,0.14415,0.67441,-0.72712,-0.08065,0.09979,0.27160,0.08638,0.27726,
10000187158904882,0.05838,0.19961,0.20856,0.68189,-0.72784,-0.01576,0.07095,0.37580,0.01637,0.23056,
10000187358773094,0.13703,0.19605,0.24406,0.70414,-0.70724,0.06117,0.01592,0.39337,-0.03080,0.11641,
10000187558641384,0.22267,0.18734,0.25447,0.70109,-0.70344,0.11067,-0.03744,0.46687,-0.02465,-0.00804,
10000187758509622,0.32408,0.19895,0.24326,0.68595,-0.70819,0.14645,-0.08055,0.56958,0.13831,-0.08119,
10000188008344874,0.48173,0.25371,0.23596,0.69032,-0.69749,0.14376,-0.12768,0.65684,0.29224,0.04977,
10000188308147132,0.65562,0.36129,0.25093,0.66536,-0.71184,0.16284,-0.15512,0.42664,0.38350,0.04538,
10000188508015362,0.71049,0.46370,0.26113,0.68427,-0.69728,0.14026,-0.16094,0.20581,0.60973,0.05817,
10000188807818002,0.73267,0.68476,0.28204,0.69146,-0.70575,0.10094,-0.11665,0.03258,0.80960,0.11575,
10000189057653474,0.74439,0.89943,0.29508,0.68504,-0.72045,0.07478,-0.07798,0.08667,0.88916,0.02392,
10000189307488752,0.78049,1.14939,0.28301,0.68162,-0.72980,0.04781,-0.02261,0.20876,1.03044,0.03246,
10000189507356804,0.81293,1.36339,0.30442,0.69048,-0.72309,0.01013,-0.01661,0.08694,1.07863,0.07916,
10000189757191782,0.82587,1.63507,0.30630,0.69525,-0.71868,0.00553,-0.01025,0.00954,1.11661,-0.01769,
10000190007026642,0.83345,1.91149,0.31834,0.69449,-0.71777,0.03649,-0.03404,0.04432,1.05208,0.05588,
10000190256861434,0.86795,2.18586,0.30981,0.69622,-0.71483,0.04304,-0.04949,0.18729,1.18000,-0.08872,
10000190556663104,0.90780,2.53868,0.32070,0.69451,-0.71832,0.02169,-0.03461,0.04075,1.15241,0.08376,
10000190806497732,0.91347,2.82755,0.31487,0.70320,-0.70934,0.02627,-0.04083,-0.00189,1.17322,-0.03777,
10000191056332384,0.91311,3.10415,0.31734,0.70779,-0.70089,0.05492,-0.06909,-0.00390,1.05167,-0.02205,
10000191306167074,0.91050,3.36807,0.28946,0.70419,-0.70524,0.03774,-0.07303,-0.00745,1.13761,-0.16547,
10000191556001782,0.90181,3.64482,0.28194,0.70867,-0.70473,-0.00788,-0.03285,-0.06518,1.07121,0.08807,
10000191805836564,0.88447,3.91439,0.28500,0.70820,-0.70540,0.00700,-0.02853,-0.09638,1.10120,-0.06265,
10000192055671412,0.84921,4.16027,0.29158,0.71865,-0.69093,0.06046,-0.05004,-0.16315,0.85980,0.09088,
10000192255539334,0.82567,4.32616,0.30385,0.71346,-0.69161,0.09000,-0.06751,-0.04509,0.81406,-0.01147,
10000192505374374,0.83478,4.51714,0.29705,0.72602,-0.66645,0.12313,-0.11653,0.11874,0.63746,0.07249,
10000192755209484,0.89670,4.63747,0.30458,0.68680,-0.65704,0.23445,-0.20405,0.38878,0.35636,-0.01579,
10000192955077702,0.98090,4.67385,0.30293,0.62001,-0.61460,0.37520,-0.31157,0.44552,0.06813,-0.03851,
10000193204913144,1.11254,4.67894,0.28898,0.53416,-0.56788,0.47314,-0.41027,0.62330,0.05610,-0.07049,
10000193504715974,1.34453,4.69363,0.28001,-0.49724,0.53863,-0.49716,0.46419,0.84452,0.05642,0.09512,
10000193804518844,1.58432,4.73631,0.30159,-0.48979,0.51862,-0.49942,0.49165,0.78061,0.20251,-0.04393,
10000194054354622,1.78327,4.79550,0.29299,-0.48070,0.49978,-0.50728,0.51168,0.81766,0.27019,0.03741,
10000194304190264,1.99099,4.84124,0.30951,0.44556,-0.48846,0.54646,-0.51407,0.83101,0.12695,0.00212,
10000194603992904,2.27144,4.85900,0.28956,0.44846,-0.50120,0.52790,-0.51866,1.00114,0.00645,0.01405,
10000194903795462,2.56449,4.87282,0.30776,0.45198,-0.51196,0.51930,-0.51375,0.92776,0.13639,0.00468,
10000195153630924,2.80425,4.90644,0.30835,-0.47198,0.48894,-0.51447,0.52296,1.03388,0.12688,0.02827,
10000195353499264,2.99212,4.92261,0.32249,-0.44557,0.48073,-0.53344,0.53462,0.88780,0.01658,0.02380,
10000195603334694,3.23025,4.91594,0.29933,-0.44068,0.47655,-0.53328,0.54251,0.96611,-0.06289,-0.10772,
10000195803203054,3.41441,4.89866,0.30394,-0.44981,0.48837,-0.51537,0.54181,0.87210,-0.08160,0.07990,
10000196103005654,3.66709,4.90622,0.30467,-0.44873,0.49552,-0.49917,0.55130,0.87493,0.07480,-0.06559,
10000196302874124,3.83421,4.91505,0.30433,-0.44090,0.47596,-0.53668,0.53948,0.69515,0.04110,0.07019,
10000196552709694,4.01139,4.92468,0.29802,-0.43552,0.45582,-0.54666,0.55110,0.70984,0.01036,-0.08106,
10000196802545334,4.17497,4.90301,0.27786,-0.43769,0.44804,-0.53408,0.56784,0.59939,-0.15612,-0.00477,
10000197052381024,4.27305,4.85388,0.28035,-0.41076,0.40034,-0.57501,0.58341,0.29009,-0.23974,0.01315,
10000197302216884,4.30336,4.76707,0.27895,0.30923,-0.25886,0.66010,-0.63375,0.05710,-0.36207,0.00192,
10000197502085732,4.29514,4.71275,0.28070,0.19240,-0.12711,0.69837,-0.67757,-0.02217,-0.21418,-0.03586,
10000197751921984,4.28753,4.61939,0.26559,0.08745,-0.05495,0.73978,-0.66488,-0.04060,-0.61283,-0.05321,
10000198001758322,4.29025,4.42068,0.26327,0.03803,-0.03587,0.72819,-0.68338,0.00076,-0.87499,0.08542,
10000198251594624,4.31847,4.19352,0.29489,0.03006,-0.04045,0.72088,-0.69123,0.08316,-0.89649,0.08040,
10000198451463492,4.34521,4.01187,0.29115,0.01035,-0.02515,0.71798,-0.69553,0.17315,-0.94609,-0.08676,
10000198701299554,4.39402,3.76729,0.28549,-0.01380,0.01091,0.71585,-0.69803,0.18192,-0.94888,0.06560,
10000198951135592,4.41232,3.51832,0.28778,-0.03388,0.05429,0.72523,-0.68553,-0.00608,-1.05137,-0.06634,
10000199200971562,4.40197,3.24839,0.27609,-0.03802,0.04615,0.71046,-0.70119,-0.00965,-1.05544,0.09399,
10000199450807552,4.39854,3.00096,0.29930,0.03039,-0.03666,-0.70339,0.70920,-0.02190,-0.96243,0.01084,
10000199650676462,4.39429,2.81065,0.28525,0.04324,-0.06567,-0.69348,0.71617,-0.04839,-0.89191,-0.04852,
10000199900512664,4.38140,2.58860,0.29473,0.07758,-0.11695,-0.68739,0.71260,-0.10246,-0.81440,0.14428,
10000200150348862,4.34587,2.39836,0.30623,0.07992,-0.12723,-0.65917,0.73683,-0.10743,-0.70136,-0.00335,
10000200400185162,4.32469,2.27351,0.29389,0.08309,-0.14405,-0.66361,0.72936,-0.04960,-0.37528,-0.10891,
10000200699988782,4.31059,2.20336,0.22862,0.11665,-0.18984,-0.67295,0.70533,-0.04338,-0.20792,-0.41690,
10000200899857992,4.30263,2.18500,0.11143,-0.15337,0.21694,0.68611,-0.67725,-0.00177,-0.09256,-0.65330,
10000201149694722,4.31176,2.17527,-0.03484,-0.18153,0.20615,0.70242,-0.65662,0.03646,-0.01821,-0.37020,
10000201449498992,4.31907,2.17453,-0.01009,-0.16631,0.20658,0.70987,-0.65250,-0.01129,0.02297,0.54068,
10000201699335704,4.31142,2.18741,0.16305,-0.14698,0.19009,0.70678,-0.66537,-0.02791,0.01890,0.60062,
10000201949172164,4.29824,2.20011,0.23553,-0.13963,0.17598,0.70460,-0.67311,-0.05708,0.13703,0.03769,
10000202199008742,4.28604,2.25570,0.24499,-0.16696,0.18476,0.69779,-0.67162,-0.04751,0.24481,0.05230,
10000202448845552,4.27298,2.33738,0.25584,-0.25616,0.29710,0.65480,-0.64603,0.01609,0.42297,0.02915,
10000202698682594,4.28648,2.46916,0.25719,-0.38560,0.45335,0.57031,-0.56615,0.08116,0.60066,0.03430,
10000202998487164,4.30443,2.66571,0.26881,0.52118,-0.57289,-0.44295,0.45163,0.07096,0.70388,0.03557,
10000203298291954,4.33744,2.88854,0.27484,0.61857,-0.66350,-0.28742,0.30746,0.16964,0.76387,0.00166,
10000203598096824,4.38161,3.09855,0.28079,0.67652,-0.69920,-0.15003,0.17586,0.14753,0.65490,-0.02069,
10000203847934082,4.38951,3.25449,0.27373,0.69018,-0.71929,-0.04661,0.06408,-0.08363,0.61066,-0.03922,
10000204097771414,4.35000,3.39697,0.28679,0.69913,-0.71409,0.03483,-0.00899,-0.11446,0.58726,0.08713,
10000204347608702,4.32885,3.56375,0.28590,0.69193,-0.71744,0.06599,-0.04642,-0.05920,0.80031,-0.12507,
10000204547478434,4.32245,3.74112,0.27324,0.70489,-0.70346,0.06725,-0.06129,-0.02383,0.92169,0.06012,
10000204797315514,4.31843,3.97295,0.29031,0.71362,-0.69606,0.05044,-0.06077,-0.07451,0.89882,0.00186,
10000205047152544,4.29320,4.19276,0.27111,0.71999,-0.68572,0.06735,-0.08292,-0.14291,0.83184,-0.10968,
10000205247022164,4.27281,4.35472,0.26263,0.71592,-0.67768,0.11699,-0.12055,-0.09650,0.76234,0.02055,
10000205446891792,4.27769,4.50208,0.24883,0.70315,-0.68509,0.13386,-0.13532,0.04444,0.74446,-0.12464,
10000205596794022,4.28615,4.60509,0.23435,0.71329,-0.67106,0.12977,-0.15510,0.03313,0.66693,-0.04537,
10000205896598574,4.31855,4.74789,0.22818,0.67846,-0.66041,0.24050,-0.21377,0.18559,0.34579,-0.00470,
10000206046500924,4.35278,4.77748,0.23034,0.63717,-0.63009,0.33408,-0.29221,0.27318,0.15188,0.01638,
10000206346305832,4.47584,4.79403,0.23340,0.54382,-0.56388,0.47093,-0.40563,0.58389,0.08424,0.01656,
10000206546175982,4.62884,4.80162,0.23358,0.51511,-0.53526,0.49293,-0.45296,0.90009,0.07777,0.03530,
10000206796013802,4.86118,4.81079,0.26819,0.51544,-0.52073,0.48309,-0.47937,0.94896,0.08778,0.11764,
10000207045851574,5.10227,4.84046,0.27317,-0.49735,0.51466,-0.48867,0.49897,1.00219,0.21106,-0.07878,
10000207295689274,5.36196,4.88606,0.27361,-0.46659,0.49102,-0.51352,0.52678,1.00345,0.19146,0.13022,
10000207545526814,5.61381,4.91124,0.28501,-0.43763,0.48229,-0.53508,0.53811,1.03456,0.06525,-0.10184,
10000207745396764,5.83447,4.91221,0.26514,-0.44208,0.47045,-0.52471,0.55490,1.14105,0.03252,0.00313,
10000207995234092,6.10168,4.92942,0.29222,-0.44287,0.48250,-0.51025,0.55742,1.00496,0.10289,0.05820,
10000208195103922,6.30466,4.94789,0.28269,-0.44124,0.46209,-0.51249,0.57371,1.00784,0.08932,-0.06970,
10000208444941134,6.55028,4.95427,0.27815,-0.40047,0.43123,-0.56354,0.57974,0.94740,-0.07074,0.04717,
10000208644810854,6.74209,4.92138,0.27582,-0.38629,0.39816,-0.58297,0.59363,0.94147,-0.24580,-0.05892,
10000208944615504,6.97350,4.76967,0.29617,0.33314,-0.29384,0.63888,-0.62810,0.62253,-0.64069,0.04928,
10000209094517874,7.05310,4.66709,0.29934,-0.26385,0.23745,-0.65831,0.66379,0.49938,-0.65722,-0.02457,
10000209294387784,7.13717,4.53281,0.29837,-0.17840,0.14306,-0.68226,0.69443,0.37120,-0.66024,0.03949,
10000209494257692,7.19051,4.39459,0.30431,0.07566,-0.05584,0.70737,-0.70056,0.23747,-0.72614,-0.03514,
10000209694127594,7.22132,4.24060,0.29351,0.01520,0.00304,0.71385,-0.70013,0.18044,-0.78860,-0.06383,
10000209943964994,7.27143,4.03219,0.30117,-0.00316,0.00870,0.70985,-0.70429,0.15492,-0.82711,0.09320,
10000210143834942,7.31694,3.84906,0.30786,-0.02428,0.02712,0.71348,-0.69973,0.19094,-0.91800,0.02002,
10000210393672394,7.36085,3.61430,0.31064,0.04359,-0.08183,-0.68448,0.72311,0.18803,-0.92378,0.07020,
10000210593542314,7.38273,3.43091,0.32226,0.07001,-0.11991,-0.68689,0.71337,0.07152,-0.93341,0.00829,
10000210793412164,7.38676,3.24122,0.30646,0.08677,-0.12782,-0.68036,0.71641,0.00731,-0.96317,-0.13445,
10000210993281982,7.39188,3.04903,0.29546,0.07887,-0.11001,-0.67293,0.72722,0.00199,-0.90526,0.07409,
10000211243119214,7.39560,2.82734,0.30600,0.08481,-0.12456,-0.66719,0.72948,0.06370,-0.83408,-0.01523,
10000211442989032,7.40801,2.67605,0.29134,0.09540,-0.13877,-0.65220,0.73910,0.05433,-0.64807,-0.12052,
10000211692826282,7.41094,2.53803,0.25983,0.11853,-0.15686,-0.66719,0.71847,0.00768,-0.41604,-0.08899,
10000211892696082,7.41046,2.46091,0.23429,0.11028,-0.15915,-0.67980,0.70738,0.02184,-0.24841,-0.19577,
10000212142533492,7.40945,2.40254,0.11219,-0.12605,0.15667,0.69626,-0.68905,0.03468,-0.11011,-0.65883,
10000212342403512,7.41814,2.37275,-0.02784,-0.12754,0.13832,0.71225,-0.67624,0.03630,-0.07769,-0.64927,
10000212592241094,7.41386,2.36210,-0.12690,-0.13469,0.13474,0.71936,-0.66800,-0.05163,-0.00944,-0.01676,
10000212842078832,7.39743,2.37288,-0.01578,-0.13035,0.13094,0.71486,-0.67442,-0.05875,0.09409,0.80848,
10000213041948934,7.38686,2.38601,0.16021,-0.12419,0.13025,0.71102,-0.67975,-0.05558,0.08590,0.82070,
10000213291786634,7.36249,2.40366,0.28415,0.12461,-0.14415,-0.68992,0.69836,-0.13231,0.08168,0.20406,
10000213541624292,7.32989,2.44252,0.31986,0.22153,-0.22077,-0.66721,0.67603,-0.05968,0.22381,0.12693,
10000213841429512,7.34037,2.56478,0.34866,0.38698,-0.38736,-0.58769,0.59567,0.10165,0.54853,0.05408,
10000213991332242,7.35725,2.65635,0.34899,-0.45123,0.46422,0.54560,-0.53217,0.14293,0.67307,-0.02384,
10000214291137964,7.41781,2.88070,0.34121,0.55835,-0.60424,-0.41357,0.38999,0.22409,0.78066,-0.03302,
10000214540976214,7.47888,3.08964,0.33477,0.61854,-0.67623,-0.29507,0.27028,0.23725,0.87951,-0.01150,
10000214740846982,7.51525,3.26131,0.32873,0.64880,-0.70036,-0.22690,0.19253,0.12287,0.82601,-0.06021,
10000214990685582,7.53241,3.45997,0.31548,0.66710,-0.72251,-0.14884,0.10394,-0.02130,0.81551,-0.07590,
10000215190556434,7.51496,3.62113,0.30397,0.66808,-0.73652,-0.08762,0.05937,-0.10835,0.80307,0.02833,
10000215440394882,7.49216,3.82568,0.31671,0.67303,-0.73933,-0.01626,0.01236,-0.05277,0.90277,-0.04177,
10000215640265564,7.49094,4.01006,0.29734,0.67403,-0.73869,-0.00219,-0.00395,0.02057,0.97694,-0.08414,
10000215790168462,7.48150,4.15452,0.29983,0.68207,-0.73015,-0.03531,0.02043,-0.16245,0.92587,0.07634,
10000215990038832,7.42369,4.32314,0.32063,0.67980,-0.72106,-0.11629,0.06653,-0.39430,0.76811,0.04515,
10000216289844352,7.26736,4.51982,0.31718,0.66577,-0.69231,-0.21952,0.17108,-0.60842,0.57115,0.01217,
10000216489714672,7.14253,4.61983,0.32684,0.64688,-0.66863,-0.28690,0.22840,-0.65282,0.52741,0.00467,
10000216739552534,6.96845,4.74404,0.30948,0.60936,-0.63187,-0.35675,0.31960,-0.71854,0.50615,-0.07303,
10000216939422854,6.82059,4.81209,0.31303,0.56970,-0.57316,-0.43599,0.39603,-0.76942,0.30340,0.07614,
10000217189260892,6.61422,4.87388,0.32473,0.52535,-0.54010,-0.48035,0.44896,-0.90816,0.19211,-0.01872,
10000217389131424,6.42501,4.90320,0.32333,0.51918,-0.53569,-0.48246,0.45904,-0.98051,0.10672,0.03637,
10000217638969492,6.18975,4.94534,0.33036,0.51399,-0.55040,-0.48275,0.44702,-1.00267,0.26327,-0.06813,
10000217888807424,5.92008,5.00279,0.30932,0.52026,-0.53798,-0.47722,0.46063,-1.12755,0.20501,0.04435,
10000218088677684,5.69602,5.02077,0.33285,0.51148,-0.52178,-0.49121,0.47419,-1.12355,0.08316,0.12291,
10000218338515432,5.40757,5.02984,0.33285,0.51474,-0.51626,-0.47922,0.48874,-1.15475,0.01472,-0.00424,
10000218538385592,5.17691,5.02568,0.34505,0.51121,-0.53145,-0.47302,0.48215,-1.16727,-0.00883,0.05761,
10000218788223192,4.88830,5.03744,0.33434,0.51009,-0.53558,-0.47842,0.47337,-1.21048,0.14447,-0.14736,
10000219038060702,4.59369,5.06062,0.33988,0.50115,-0.51431,-0.48772,0.49646,-1.20557,0.07109,0.14240,
10000219237930624,4.35298,5.05970,0.35101,-0.49461,0.50645,0.50677,-0.49198,-1.22994,0.01064,-0.09501,
10000219487767954,4.04713,5.05359,0.34120,-0.49436,0.51239,0.50344,-0.48951,-1.14757,0.04147,0.11529,
10000219687637844,3.81264,5.06118,0.35844,-0.49322,0.52074,0.50518,-0.47994,-1.13031,0.10835,-0.01904,
10000219937475262,3.51433,5.08821,0.34102,-0.48536,0.51252,0.50120,-0.50055,-1.15365,0.09272,0.08117,
10000220187312704,3.22920,5.09115,0.36565,-0.46771,0.50746,0.52203,-0.50122,-1.14996,-0.00860,-0.03741,
10000220437150024,2.93878,5.07973,0.34617,-0.48050,0.50830,0.50591,-0.50479,-1.13811,-0.03751,0.01773,
10000220686987294,2.65280,5.08104,0.35328,-0.49014,0.53872,0.50086,-0.46763,-1.09497,0.05106,-0.07087,
10000220936824552,2.35925,5.09270,0.32829,-0.49959,0.52547,0.49255,-0.48134,-1.15886,0.01917,0.04128,
10000221186661822,2.07785,5.08521,0.34673,-0.48597,0.51114,0.51162,-0.49073,-1.06364,-0.04164,-0.01779,
10000221486466624,1.75931,5.07328,0.33619,-0.47593,0.52045,0.50915,-0.49334,-0.92936,-0.02008,0.06359,
10000221686336494,1.58463,5.07674,0.33949,-0.46733,0.49934,0.53243,-0.49878,-0.85138,0.02922,-0.05754,
10000221936173982,1.38565,5.06897,0.31384,-0.41933,0.40925,0.60224,-0.54220,-0.66101,-0.14037,-0.01557,
10000222136044112,1.28008,5.02245,0.32036,-0.33354,0.29901,0.67212,-0.58958,-0.39633,-0.34805,0.03594,
10000222385881982,1.19919,4.92082,0.31794,-0.22545,0.19320,0.72330,-0.62345,-0.18657,-0.42307,-0.02024,
10000222585752442,1.14227,4.82718,0.31028,-0.14328,0.11470,0.74598,-0.64018,-0.23794,-0.54748,-0.03101,
10000222835590704,1.04950,4.67435,0.31076,-0.04658,0.03343,0.74872,-0.66041,-0.21933,-0.65958,0.00739,
10000223085429054,1.00045,4.51209,0.30807,0.00458,-0.03953,0.74787,-0.66265,-0.03686,-0.72261,-0.03308,
10000223335267452,0.99263,4.30860,0.31027,0.02815,-0.03967,0.73883,-0.67213,0.01344,-0.92085,0.05464,
10000223585105824,0.97531,4.08213,0.31923,-0.00193,-0.01346,0.75149,-0.65960,-0.11903,-0.94556,-0.04697,
10000223834944022,0.94352,3.83435,0.30431,-0.00321,-0.00126,0.74415,-0.66800,-0.11699,-1.05556,0.01676,
10000224084782074,0.93268,3.57494,0.33310,0.02015,-0.03835,0.73964,-0.67160,0.00338,-1.04348,0.11214,
10000224284652504,0.94285,3.36250,0.34155,0.02760,-0.03298,0.72984,-0.68226,0.08079,-1.11844,-0.03707,
10000224534490504,0.96266,3.08763,0.34229,0.01097,0.00652,0.73736,-0.67538,0.01714,-1.05185,0.03827,
10000224784328394,0.95498,2.83132,0.34535,-0.00716,0.02822,0.73754,-0.67468,-0.10908,-1.07853,-0.07912,
10000224984198722,0.93357,2.61079,0.33539,0.00287,0.01071,0.72722,-0.68632,-0.10558,-1.14280,0.04261,
10000225234036622,0.91141,2.33111,0.35555,-0.00243,-0.01132,0.72613,-0.68746,-0.08713,-1.15244,0.00920,
10000225533841952,0.90524,1.97982,0.33990,-0.01274,0.02833,0.72389,-0.68921,-0.01578,-1.19705,0.02733,
10000225783679674,0.88699,1.70750,0.35221,-0.03808,0.03686,0.72607,-0.68558,-0.10509,-1.10882,-0.05310,
10000226083485004,0.84277,1.36427,0.34019,-0.03120,0.04272,0.71456,-0.69757,-0.18703,-1.08223,0.12997,
10000226333322752,0.79066,1.09323,0.36556,0.06900,-0.07469,-0.69952,0.70734,-0.28741,-1.06857,0.02897,
10000226583160494,0.69666,0.86056,0.38032,0.15504,-0.21520,-0.66548,0.69770,-0.44315,-0.76180,0.12648,
10000226882965874,0.53818,0.67414,0.39417,0.29400,-0.35882,-0.60486,0.64727,-0.53706,-0.59190,-0.02224,
10000227132803834,0.41032,0.55555,0.40751,0.34528,-0.45606,-0.55609,0.60296,-0.44450,-0.45840,0.07380,
10000227382641934,0.30975,0.48068,0.40708,0.44562,-0.50206,-0.49764,0.54929,-0.36774,-0.30690,-0.07004,
10000227632480222,0.22791,0.43872,0.39786,0.52409,-0.58487,-0.41515,0.45925,-0.30724,-0.13764,-0.00425,
10000227882318674,0.15316,0.42990,0.39584,0.58317,-0.62715,-0.33796,0.39036,-0.27692,-0.04699,-0.02808,
10000228132157304,0.09353,0.43086,0.37183,0.64293,-0.65513,-0.25531,0.30374,-0.22460,0.00988,-0.16765,
10000228381996114,0.03765,0.42507,0.31155,0.69794,-0.67077,-0.15637,0.19623,-0.22962,-0.09889,-0.31173,
10000228631835022,-0.02294,0.37844,0.23252,0.72226,-0.68531,-0.04639,0.08087,-0.22518,-0.25419,-0.28594,
10000228881673964,-0.08436,0.33190,0.15855,0.73039,-0.68051,-0.05285,0.02529,-0.21830,-0.08898,-0.26269,
10000229081545294,-0.11681,0.32836,0.11139,0.72267,-0.68887,-0.05137,0.02364,-0.10888,0.03267,-0.20546,
10000229281416742,-0.13839,0.34348,0.07962,0.72101,-0.69049,-0.05626,0.01428,-0.03412,0.12841,-0.04618,
10000229581223874,-0.14478,0.38442,0.07011,0.70158,-0.71229,-0.01525,0.01363,0.00418,0.08490,-0.00974,
10000229731127324,-0.13930,0.38127,0.06938,0.70080,-0.71307,0.00262,0.01992,-0.01530,-0.02419,0.01437,
10000229980966452,-0.13931,0.37657,0.06933,0.70324,-0.71063,0.00444,0.02089,-0.00844,-0.00677,0.00667,
10000230180837894,-0.13640,0.37380,0.06999,0.70304,-0.71084,0.00410,0.02086,-0.00554,-0.00543,0.00449,
10000230380709452,-0.13443,0.37451,0.06888,0.70175,-0.71217,0.00551,0.01839,-0.00498,0.01079,-0.00089,
10000230630549104,-0.13387,0.37667,0.06768,0.69808,-0.71579,0.00452,0.01757,0.00383,-0.00940,0.00473,
10000230780452954,-0.13381,0.37638,0.06753,0.69953,-0.71437,0.00479,0.01794,0.00085,0.00480,0.00013,
10000230980324782,-0.13400,0.37720,0.06721,0.69833,-0.71554,0.00450,0.01772,0.00319,-0.00453,0.00204,
10000231130228692,-0.13394,0.37682,0.06715,0.69926,-0.71462,0.00469,0.01798,0.00218,0.00382,-0.00075,
10000231380068554,-0.13364,0.37670,0.06729,0.69918,-0.71470,0.00462,0.01799,0.00494,-0.00193,0.00241,
10000231529972512,-0.13362,0.37667,0.06713,0.69878,-0.71510,0.00449,0.01793,0.00329,0.00412,0.00133,
10000231729844532,-0.13335,0.37630,0.06710,0.69938,-0.71451,0.00458,0.01811,0.00473,0.00030,0.00118,
10000231929716664,-0.13329,0.37652,0.06701,0.69872,-0.71516,0.00440,0.01798,0.00465,0.00191,0.00063,
10000232179556962,-0.13298,0.37639,0.06687,0.69892,-0.71496,0.00438,0.01807,0.00339,0.00526,0.00042,
10000232329461162,-0.13297,0.37609,0.06682,0.69905,-0.71483,0.00440,0.01815,0.00550,0.00243,0.00150,
10000232479365364,-0.13264,0.37577,0.06677,0.69902,-0.71486,0.00437,0.01818,0.00525,0.00430,0.00028,
10000232679237512,-0.13217,0.37550,0.06669,0.69912,-0.71475,0.00434,0.01825,0.00616,0.00094,0.00003,
10000232879109632,-0.13163,0.37497,0.06662,0.69894,-0.71493,0.00429,0.01825,0.00649,-0.00072,-0.00202,
10000233078981762,-0.13136,0.37469,0.06647,0.69904,-0.71484,0.00430,0.01834,0.00622,0.00015,-0.00206,
10000233278853944,-0.13112,0.37504,0.06619,0.69898,-0.71489,0.00427,0.01835,0.00709,-0.00097,-0.00212,
10000233478726182,-0.13086,0.37505,0.06615,0.69886,-0.71501,0.00421,0.01836,0.00756,-0.00169,-0.00060,
10000233678598452,-0.13063,0.37501,0.06620,0.69894,-0.71493,0.00420,0.01838,0.00828,0.00014,-0.00064,
10000233878470714,-0.13036,0.37495,0.06610,0.69904,-0.71484,0.00418,0.01846,0.00691,-0.00157,-0.00179,
10000234078342964,-0.13032,0.37493,0.06611,0.69905,-0.71482,0.00415,0.01849,0.00724,-0.00025,-0.00277,
10000234278215242,-0.13026,0.37517,0.06588,0.69911,-0.71476,0.00416,0.01856,0.00729,-0.00090,-0.00230,
10000234428119464,-0.13024,0.37527,0.06583,0.69907,-0.71480,0.00412,0.01856,0.00772,-0.00026,-0.00260,
10000234677959812,-0.12995,0.37498,0.06586,0.69911,-0.71476,0.00406,0.01858,0.00640,-0.00224,-0.00101,
10000234877832084,-0.12996,0.37482,0.06597,0.69907,-0.71480,0.00403,0.01864,0.00766,-0.00426,-0.00183,
10000235077704294,-0.13000,0.37487,0.06585,0.69900,-0.71487,0.00401,0.01864,0.00793,-0.00492,-0.00253,
10000235177640364,-0.12996,0.37468,0.06588,0.69914,-0.71473,0.00402,0.01874,0.00934,-0.00459,-0.00190,
10000235277576404,-0.12985,0.37448,0.06597,0.69909,-0.71478,0.00402,0.01875,0.00982,-0.00364,-0.00264,
10000235377512402,-0.12980,0.37450,0.06603,0.69904,-0.71483,0.00401,0.01876,0.00997,-0.00391,-0.00243,
10000235477448392,-0.12984,0.37443,0.06613,0.69916,-0.71471,0.00404,0.01882,0.01019,-0.00528,-0.00205,
10000235577384332,-0.12990,0.37441,0.06616,0.69910,-0.71477,0.00403,0.01882,0.01009,-0.00663,-0.00234,
