1403715278762142976,0.04023,0.00501,0.05120,0.01272,0.81520,-0.01845,0.57875,0.19407,0.03582,0.29122,
1403715278862142976,0.05634,0.00981,0.08043,0.01052,0.81096,-0.01962,0.58467,0.18395,0.04410,0.37182,
1403715278962142976,0.07243,0.01341,0.11658,0.01041,0.80961,-0.01960,0.58655,0.16052,0.03947,0.33779,
1403715279062142976,0.08694,0.01618,0.14106,0.01175,0.80946,-0.01865,0.58676,0.13752,0.02798,0.13288,
1403715279162142976,0.09882,0.01785,0.14420,0.01252,0.80965,-0.01783,0.58651,0.11285,0.02230,-0.06411,
1403715279262142976,0.10962,0.01944,0.13414,0.01345,0.81050,-0.01681,0.58535,0.10299,0.01935,-0.12186,
1403715279362142976,0.11888,0.02084,0.12569,0.01272,0.81208,-0.01721,0.58315,0.08131,0.01458,-0.07669,
1403715279462142976,0.12641,0.02194,0.12299,0.01122,0.81303,-0.01785,0.58184,0.06577,0.00519,-0.02231,
1403715279562142976,0.13235,0.02268,0.12481,0.01129,0.81320,-0.01738,0.58162,0.05397,0.00075,0.03072,
1403715279662142976,0.13678,0.02334,0.13033,0.01145,0.81387,-0.01724,0.58068,0.03991,-0.00337,0.06660,
1403715279762142976,0.14012,0.02328,0.13909,0.01123,0.81373,-0.01727,0.58087,0.02624,-0.00770,0.09910,
1403715279862142976,0.14094,0.02216,0.15069,0.01092,0.81414,-0.01766,0.58029,0.00575,-0.01597,0.12035,
1403715279962142976,0.14145,0.02141,0.16341,0.01145,0.81600,-0.01756,0.57768,0.00345,-0.01500,0.13058,
1403715280112143104,0.14300,0.01854,0.18149,0.01383,0.82739,-0.01633,0.56122,0.01696,-0.02692,0.11743,
1403715280212142848,0.14876,0.01564,0.19796,0.02000,0.83071,-0.01152,0.55622,0.06146,-0.02628,0.15503,
1403715280312143104,0.15939,0.01536,0.21773,0.02682,0.82944,-0.00655,0.55791,0.10637,0.00684,0.16888,
1403715280462142976,0.18118,0.01984,0.24530,0.03236,0.82541,-0.00735,0.56356,0.16198,0.04643,0.16965,
1403715280612143104,0.20807,0.02748,0.27172,0.03200,0.82121,-0.03004,0.56894,0.18800,0.05905,0.15558,
1403715280762142976,0.23781,0.03390,0.29335,0.04554,0.81726,-0.06002,0.57133,0.19797,0.04226,0.11954,
1403715280862142976,0.25753,0.03760,0.30479,0.05810,0.81484,-0.08179,0.57093,0.19482,0.03655,0.10910,
1403715281012142848,0.28745,0.04499,0.32017,0.07494,0.81093,-0.10773,0.57024,0.18735,0.05110,0.09834,
1403715281162142976,0.31806,0.05581,0.33449,0.08692,0.80835,-0.12339,0.56903,0.20198,0.06517,0.09108,
1403715281312143104,0.35067,0.06679,0.34601,0.09594,0.80674,-0.13717,0.56670,0.20231,0.05423,0.06417,
1403715281462142976,0.38107,0.07312,0.35194,0.10923,0.80480,-0.15589,0.56219,0.20500,0.02961,0.03500,
1403715281612143104,0.41131,0.07598,0.35330,0.12980,0.79944,-0.18229,0.55750,0.20261,0.00939,-0.01267,
1403715281812143104,0.45284,0.07725,0.34695,0.16198,0.78812,-0.22914,0.54784,0.20733,0.00525,-0.04700,
1403715281962142976,0.48552,0.07896,0.33810,0.18712,0.77669,-0.26595,0.53945,0.22084,0.00217,-0.07255,
1403715282112143104,0.52313,0.08035,0.32390,0.21044,0.76424,-0.29999,0.53071,0.24158,-0.00997,-0.10832,
1403715282262142976,0.56651,0.08091,0.30647,0.23252,0.75175,-0.33073,0.52099,0.27173,-0.01362,-0.11585,
1403715282462142976,0.62804,0.08101,0.28258,0.26116,0.73459,-0.36996,0.50528,0.30843,-0.01594,-0.13008,
1403715282612143104,0.68108,0.08016,0.26462,0.28235,0.71894,-0.39707,0.49571,0.34793,-0.02155,-0.12434,
1403715282862142976,0.77046,0.07790,0.23159,0.30954,0.68844,-0.44159,0.48502,0.35201,-0.02139,-0.14772,
1403715283062142976,0.84442,0.07618,0.20287,0.33276,0.66285,-0.47475,0.47383,0.35140,-0.00552,-0.14213,
1403715283262142976,0.91525,0.07721,0.17391,0.35016,0.63475,-0.50839,0.46477,0.32140,0.01384,-0.13594,
1403715283412143104,0.96320,0.07984,0.15336,0.36275,0.61662,-0.53040,0.45483,0.27600,0.02586,-0.13308,
1403715283612143104,1.01604,0.08566,0.12919,0.37753,0.60193,-0.55591,0.43141,0.22936,0.03461,-0.10956,
1403715283762142976,1.05377,0.08870,0.11512,0.38490,0.59521,-0.56673,0.42000,0.23627,0.01516,-0.09629,
1403715283912143104,1.09399,0.08770,0.10458,0.38958,0.58907,-0.57045,0.41929,0.24470,-0.00952,-0.07980,
1403715284112143104,1.14496,0.08166,0.08432,0.38505,0.58998,-0.57438,0.41684,0.24799,-0.03690,-0.09950,
1403715284212142848,1.16945,0.07650,0.07281,0.37788,0.59098,-0.57678,0.41865,0.23411,-0.05793,-0.08634,
1403715284412143104,1.20586,0.05772,0.05592,0.36822,0.59083,-0.57742,0.42652,0.15036,-0.12722,-0.06168,
1403715284562142976,1.22205,0.03445,0.04635,0.37558,0.59741,-0.56729,0.42454,0.10700,-0.17912,-0.05369,
1403715284762142976,1.24035,-0.00136,0.03530,0.38336,0.60318,-0.55591,0.42447,0.09067,-0.18948,-0.04825,
1403715284912143104,1.25302,-0.02702,0.03037,0.39093,0.59588,-0.55811,0.42500,0.08148,-0.17337,-0.03055,
1403715285062142976,1.26336,-0.04972,0.02826,0.40354,0.57219,-0.57177,0.42759,0.06316,-0.13956,0.00256,
1403715285262142976,1.27439,-0.06672,0.03080,-0.41773,-0.54429,0.60118,-0.40968,0.04781,-0.04208,0.04087,
1403715285412143104,1.28300,-0.06922,0.04891,-0.41222,-0.53284,0.62404,-0.39588,0.03285,-0.02272,0.24781,
1403715285612143104,1.28441,-0.07426,0.11882,-0.40777,-0.52504,0.63819,-0.38829,-0.03295,-0.04540,0.39438,
1403715285812143104,1.26575,-0.08744,0.19623,-0.41080,-0.52140,0.64087,-0.38557,-0.14452,-0.08641,0.36659,
1403715286012142848,1.22878,-0.10766,0.26394,-0.42227,-0.52992,0.63471,-0.37150,-0.19880,-0.12785,0.31054,
1403715286262142976,1.17862,-0.14414,0.33027,-0.42124,-0.53016,0.63680,-0.36876,-0.20386,-0.18896,0.23616,
1403715286462142976,1.13749,-0.18425,0.37496,-0.42562,-0.53146,0.63410,-0.36649,-0.21271,-0.23468,0.18848,
1403715286712142848,1.08654,-0.24853,0.42222,-0.43925,-0.52070,0.63365,-0.36663,-0.20376,-0.26952,0.16521,
1403715286912143104,1.04944,-0.29879,0.44711,-0.44727,-0.50689,0.64729,-0.35217,-0.17156,-0.24728,0.10830,
1403715287162142976,1.01592,-0.36756,0.48003,-0.45421,-0.49804,0.65724,-0.33716,-0.11261,-0.29276,0.13656,
1403715287362142976,1.00297,-0.43179,0.50862,-0.46519,-0.48811,0.65507,-0.34092,-0.05026,-0.31314,0.13787,
1403715287562142976,0.99649,-0.49571,0.53573,-0.46051,-0.47567,0.66355,-0.34839,-0.03267,-0.27097,0.13562,
1403715287762142976,0.97856,-0.55024,0.56585,-0.46216,-0.44883,0.68446,-0.34128,-0.11192,-0.20963,0.16368,
1403715288012142848,0.93257,-0.60013,0.61179,-0.49190,-0.40574,0.70604,-0.30809,-0.20161,-0.13512,0.16712,
1403715288212142848,0.89409,-0.62656,0.63739,0.50867,0.37101,-0.72323,0.28380,-0.18455,-0.08945,0.01856,
1403715288412143104,0.86220,-0.65412,0.61824,0.51370,0.35595,-0.73284,0.26900,-0.16245,-0.08103,-0.21195,
1403715288612143104,0.83272,-0.67826,0.60353,0.51315,0.34963,-0.73636,0.26871,-0.16325,-0.05315,0.01893,
1403715288812143104,0.80062,-0.69122,0.63780,0.51273,0.35345,-0.73603,0.26542,-0.17877,-0.03718,0.10203,
1403715289012142848,0.76597,-0.68626,0.63595,0.51704,0.35354,-0.73777,0.25174,-0.18546,0.00160,-0.16125,
1403715289212142848,0.73468,-0.67679,0.58809,0.52189,0.34071,-0.74587,0.23500,-0.16006,0.00187,-0.29376,
1403715289412143104,0.70581,-0.66901,0.52927,0.52761,0.32306,-0.75516,0.21678,-0.13286,-0.00135,-0.34048,
1403715289612143104,0.68084,-0.67050,0.45805,0.53063,0.29454,-0.77001,0.19687,-0.11575,-0.05025,-0.40514,
1403715289812143104,0.66037,-0.68843,0.38481,0.53050,0.27692,-0.77960,0.18469,-0.09845,-0.12582,-0.30945,
1403715290012142848,0.64031,-0.72421,0.34919,0.52948,0.27453,-0.78038,0.18787,-0.10590,-0.20622,-0.08818,
1403715290212142848,0.61486,-0.77294,0.35807,0.52894,0.28624,-0.77528,0.19296,-0.12878,-0.26861,0.13620,
1403715290312143104,0.60000,-0.80053,0.37438,0.52354,0.29232,-0.77603,0.19553,-0.14605,-0.31675,0.14221,
1403715290562142976,0.55954,-0.88420,0.40763,0.51414,0.29731,-0.77814,0.20437,-0.20305,-0.39623,0.09484,
1403715290762142976,0.51995,-0.96059,0.42324,0.52374,0.29332,-0.77210,0.20863,-0.23136,-0.41694,0.05076,
1403715290962142976,0.48054,-1.03988,0.42951,0.52705,0.28490,-0.77189,0.21269,-0.20191,-0.41425,0.00142,
1403715291162142976,0.44275,-1.11888,0.43092,0.52738,0.26379,-0.77588,0.22427,-0.21947,-0.37411,-0.00042,
1403715291362142976,0.39484,-1.18202,0.42447,0.53020,0.24540,-0.78041,0.22278,-0.27077,-0.26415,-0.07541,
1403715291562142976,0.33617,-1.22453,0.40524,0.52893,0.23264,-0.78908,0.20849,-0.30578,-0.14945,-0.12989,
1403715291712142848,0.28378,-1.24578,0.38914,0.52637,0.22056,-0.79613,0.20116,-0.37226,-0.10200,-0.12298,
1403715291862142976,0.22055,-1.26095,0.37543,0.53114,0.22211,-0.79705,0.18239,-0.43739,-0.08086,-0.11832,
1403715292062142976,0.12804,-1.28198,0.35142,0.53494,0.22819,-0.79695,0.16321,-0.46516,-0.11867,-0.13714,
1403715292312143104,0.01184,-1.32491,0.31894,0.52918,0.25223,-0.79131,0.17371,-0.46963,-0.20943,-0.14119,
1403715292512142848,-0.08606,-1.37632,0.29585,0.52085,0.29416,-0.77721,0.19529,-0.47565,-0.29728,-0.10373,
1403715292762142976,-0.20421,-1.45986,0.28113,0.52898,0.35424,-0.73291,0.23988,-0.41713,-0.35854,-0.02686,
1403715292962142976,-0.27840,-1.52907,0.29555,0.51080,0.40262,-0.70872,0.27331,-0.29141,-0.35243,0.18568,
1403715293212142848,-0.34284,-1.61400,0.36563,-0.48014,-0.44331,0.68508,-0.32187,-0.22163,-0.33359,0.31025,
1403715293362142976,-0.37897,-1.66283,0.41427,-0.47058,-0.46588,0.66530,-0.34480,-0.21749,-0.31056,0.31840,
1403715293612143104,-0.43733,-1.72769,0.49117,-0.45276,-0.49909,0.63693,-0.37448,-0.21247,-0.20929,0.30612,
1403715293762142976,-0.47371,-1.75628,0.53663,-0.43632,-0.52122,0.62623,-0.38183,-0.22562,-0.17190,0.31825,
1403715293912143104,-0.50943,-1.78141,0.58225,-0.42172,-0.54139,0.61318,-0.39123,-0.22188,-0.16440,0.30055,
1403715294112143104,-0.55420,-1.81343,0.62443,-0.40561,-0.56717,0.58785,-0.41015,-0.21973,-0.15122,0.08898,
1403715294362142976,-0.61121,-1.84490,0.60662,0.38455,0.59392,-0.55150,0.44185,-0.23476,-0.09602,-0.23359,
1403715294562142976,-0.65980,-1.85831,0.55072,0.36565,0.62067,-0.52097,0.45789,-0.24962,-0.03103,-0.28464,
1403715294762142976,-0.71165,-1.86240,0.49254,0.34085,0.65705,-0.49145,0.45888,-0.25877,-0.00823,-0.26969,
1403715294962142976,-0.75791,-1.86746,0.44072,0.32157,0.68259,-0.45789,0.47011,-0.20915,-0.02982,-0.23857,
1403715295112143104,-0.78432,-1.87487,0.40684,0.30708,0.69298,-0.43323,0.48764,-0.16609,-0.02817,-0.21774,
1403715295262142976,-0.80774,-1.87858,0.38065,0.28878,0.70036,-0.41118,0.50698,-0.16779,0.01111,-0.10547,
1403715295462142976,-0.83864,-1.87324,0.38404,0.26136,0.72311,-0.37544,0.51754,-0.16425,0.05129,0.12656,
1403715295662142976,-0.87413,-1.86494,0.38803,0.24347,0.74183,-0.33745,0.52587,-0.19233,0.06200,-0.11054,
1403715295812143104,-0.89989,-1.85599,0.36108,0.23265,0.74727,-0.31925,0.53436,-0.17668,0.10014,-0.19614,
1403715296012142848,-0.93420,-1.83478,0.31486,0.21058,0.74993,-0.29998,0.55070,-0.21408,0.14794,-0.26108,
1403715296212142848,-0.98104,-1.80821,0.25400,0.18339,0.76161,-0.29365,0.54781,-0.28514,0.13666,-0.31238,
1403715296412143104,-1.03699,-1.79280,0.19803,0.16239,0.78407,-0.27864,0.53031,-0.28849,0.04115,-0.17525,
1403715296562142976,-1.07610,-1.79948,0.18188,0.14826,0.79071,-0.26599,0.53108,-0.27655,-0.07474,-0.01798,
1403715296762142976,-1.12499,-1.83177,0.18862,0.15137,0.79053,-0.24570,0.54017,-0.23827,-0.20362,0.04154,
1403715297012142848,-1.17423,-1.88354,0.19245,0.15409,0.79181,-0.21565,0.55026,-0.18401,-0.19213,0.00125,
1403715297212142848,-1.20645,-1.91854,0.18075,0.11298,0.81013,-0.19382,0.54162,-0.13342,-0.19649,-0.07225,
1403715297462142976,-1.22341,-1.98816,0.15694,0.07033,0.82510,-0.14210,0.54228,-0.01654,-0.36096,-0.07479,
1403715297612143104,-1.21983,-2.04982,0.14107,0.05318,0.82929,-0.11253,0.54478,0.05663,-0.43254,-0.09089,
1403715297862142976,-1.18681,-2.17195,0.12246,0.01634,0.82783,-0.08094,0.55486,0.20265,-0.54950,-0.00812,
1403715298062142976,-1.14305,-2.28989,0.12135,-0.00367,0.80510,-0.04283,0.59158,0.18968,-0.62040,0.01031,
1403715298312143104,-1.11444,-2.44638,0.11641,0.00401,0.80165,0.03862,0.59654,0.03403,-0.58725,-0.02073,
1403715298512142848,-1.11422,-2.54685,0.11465,0.00329,0.80976,0.07218,0.58230,-0.03350,-0.42131,0.02831,
1403715298662142976,-1.11637,-2.59544,0.11988,0.01507,0.80998,0.08810,0.57960,-0.04108,-0.23690,0.06467,
1403715298862142976,-1.12896,-2.60984,0.13499,0.01249,0.81380,0.08439,0.57485,-0.09452,0.05974,0.07245,
1403715299112143104,-1.14790,-2.55694,0.15272,-0.04407,0.83152,0.06485,0.54994,-0.01894,0.24467,0.08827,
1403715299362142976,-1.13095,-2.49029,0.17484,-0.07712,0.83123,0.09369,0.54253,0.14899,0.27757,0.09674,
1403715299562142976,-1.08611,-2.43677,0.19318,-0.10722,0.82242,0.13081,0.54316,0.28297,0.26978,0.09268,
1403715299812143104,-1.00244,-2.37224,0.20702,-0.14991,0.80451,0.18725,0.54334,0.37107,0.24850,0.03327,
1403715299962142976,-0.94441,-2.33780,0.20956,-0.17606,0.79191,0.22523,0.53959,0.40324,0.22346,0.00369,
1403715300162142976,-0.85764,-2.29927,0.21266,-0.19861,0.77081,0.26524,0.54410,0.44218,0.17143,0.00782,
1403715300362142976,-0.77234,-2.27017,0.21885,-0.20634,0.75336,0.28506,0.55554,0.38871,0.14338,0.01198,
1403715300512142848,-0.72297,-2.25750,0.22606,-0.21790,0.75038,0.28277,0.55632,0.31527,0.08220,0.01562,
1403715300712142848,-0.67304,-2.25516,0.23138,-0.22060,0.75455,0.27751,0.55225,0.23609,-0.01696,0.01377,
1403715300912143104,-0.63663,-2.27043,0.23710,-0.21156,0.75423,0.27561,0.55715,0.15767,-0.11192,0.00309,
1403715301162142976,-0.61170,-2.30377,0.23872,-0.19451,0.74904,0.27797,0.56907,0.02690,-0.15544,-0.01515,
1403715301362142976,-0.62332,-2.33664,0.23559,-0.18466,0.74315,0.28122,0.57839,-0.14871,-0.16731,-0.05236,
1403715301562142976,-0.67242,-2.36928,0.21806,-0.19387,0.75529,0.27534,0.56227,-0.30250,-0.17114,-0.12518,
1403715301812143104,-0.75296,-2.41694,0.18626,-0.19192,0.76906,0.27130,0.54600,-0.32448,-0.20289,-0.13836,
1403715302012142848,-0.82324,-2.45603,0.16454,-0.18119,0.76794,0.27261,0.55057,-0.36328,-0.17317,-0.09114,
1403715302262142976,-0.92548,-2.49361,0.14793,-0.16820,0.77445,0.27271,0.54549,-0.42444,-0.10191,-0.04541,
1403715302462142976,-1.01723,-2.50262,0.14458,-0.16020,0.77793,0.26798,0.54530,-0.45762,0.01018,0.00777,
1403715302662142976,-1.11038,-2.49586,0.14742,-0.17196,0.78565,0.25160,0.53840,-0.45800,0.06664,0.01078,
1403715302862142976,-1.19566,-2.48310,0.14064,-0.17574,0.79434,0.24525,0.52725,-0.37826,0.09861,-0.08057,
1403715303012142848,-1.24615,-2.46692,0.12958,-0.17947,0.79756,0.25372,0.51702,-0.29395,0.14617,-0.07320,
1403715303262142976,-1.30097,-2.41876,0.11586,-0.20378,0.78124,0.29775,0.50940,-0.14443,0.25424,-0.02065,
1403715303512142848,-1.33378,-2.35048,0.11047,-0.23826,0.74122,0.36083,0.51345,-0.12293,0.30395,-0.01547,
1403715303712142848,-1.36658,-2.28884,0.10507,-0.27629,0.71500,0.40113,0.50153,-0.16751,0.32524,-0.01249,
1403715303862142976,-1.39576,-2.24287,0.10056,-0.30830,0.69525,0.42532,0.49059,-0.18676,0.29849,-0.01828,
1403715304112143104,-1.43789,-2.17956,0.09265,-0.33875,0.67494,0.44818,0.47836,-0.15931,0.20599,-0.04704,
1403715304412143104,-1.47770,-2.13957,0.07176,-0.34271,0.67577,0.45389,0.46889,-0.10467,0.08137,-0.09508,
1403715304662142976,-1.50192,-2.12783,0.02753,-0.33039,0.67701,0.45215,0.47755,-0.08628,0.01954,-0.26912,
1403715304862142976,-1.52396,-2.12753,-0.02107,-0.32169,0.68047,0.44943,0.48113,-0.10688,-0.01160,-0.15244,
1403715305062142976,-1.54941,-2.12891,-0.02635,-0.31730,0.68407,0.44839,0.47991,-0.12867,-0.00695,0.07083,
1403715305262142976,-1.57729,-2.13163,-0.00540,-0.31799,0.68734,0.44863,0.47452,-0.12538,-0.00112,0.07928,
1403715305512142848,-1.60889,-2.13530,0.01919,-0.32145,0.68499,0.45350,0.47096,-0.11776,-0.00845,0.17608,
1403715305712142848,-1.63094,-2.13663,0.08133,-0.32848,0.68095,0.45901,0.46659,-0.10670,0.00455,0.41523,
1403715305912143104,-1.64506,-2.13812,0.16427,-0.33156,0.67889,0.46359,0.46289,-0.05364,-0.00795,0.37505,
1403715306062142976,-1.65010,-2.13887,0.21850,-0.32973,0.67898,0.46607,0.46157,-0.02277,-0.00371,0.31340,
1403715306262142976,-1.65167,-2.13760,0.27897,-0.33888,0.68463,0.45608,0.45655,0.03343,0.00511,0.27099,
1403715306512142848,-1.62337,-2.14724,0.34658,-0.35056,0.69306,0.41637,0.47266,0.19684,-0.10543,0.25040,
1403715306662142976,-1.58830,-2.17501,0.38764,-0.33676,0.69901,0.39176,0.49448,0.28383,-0.22971,0.26994,
1403715306912143104,-1.51616,-2.26632,0.44954,-0.28614,0.70544,0.35300,0.54393,0.26827,-0.46644,0.22090,
1403715307112143104,-1.47898,-2.37374,0.47709,-0.22203,0.71958,0.33028,0.56905,0.10145,-0.57161,0.00085,
1403715307312143104,-1.48180,-2.48791,0.44944,-0.16658,0.74794,0.30321,0.56648,-0.09740,-0.54048,-0.23318,
1403715307512142848,-1.51976,-2.57971,0.39564,-0.14937,0.78060,0.25505,0.55074,-0.22233,-0.40781,-0.26571,
1403715307712142848,-1.56569,-2.64932,0.34632,-0.13537,0.80168,0.20737,0.54405,-0.20032,-0.32643,-0.26460,
1403715307912143104,-1.60240,-2.70980,0.29589,-0.10190,0.81399,0.16682,0.54700,-0.13976,-0.27597,-0.26743,
1403715308112143104,-1.62545,-2.75684,0.24649,-0.06739,0.82057,0.12689,0.55319,-0.07131,-0.19267,-0.25909,
1403715308312143104,-1.63655,-2.78438,0.19877,-0.04070,0.82447,0.09361,0.55663,-0.01969,-0.09133,-0.24840,
1403715308512142848,-1.64021,-2.79407,0.15056,-0.03037,0.82617,0.06545,0.55878,0.02952,0.01734,-0.22579,
1403715308712142848,-1.62945,-2.79039,0.12767,-0.03605,0.82775,0.05041,0.55766,0.10146,0.04345,-0.02072,
1403715308912143104,-1.60169,-2.78856,0.14224,-0.04125,0.83016,0.04733,0.55398,0.18322,0.02290,0.08639,
1403715309162142976,-1.54083,-2.79102,0.16734,-0.05948,0.82443,0.04791,0.56078,0.27620,-0.02693,0.06885,
1403715309362142976,-1.48224,-2.81047,0.18645,-0.07544,0.81005,0.05285,0.57908,0.28352,-0.13746,0.06372,
1403715309562142976,-1.42934,-2.84904,0.19931,-0.06540,0.80999,0.07444,0.57801,0.24120,-0.20163,0.08574,
1403715309762142976,-1.38862,-2.89103,0.21467,-0.06641,0.81102,0.08437,0.57508,0.17001,-0.20355,0.08153,
1403715309912143104,-1.36405,-2.92255,0.22406,-0.08058,0.81441,0.08100,0.56893,0.15376,-0.21468,0.05439,
1403715310062142976,-1.33667,-2.96096,0.23051,-0.09332,0.81005,0.07530,0.57396,0.17889,-0.28333,0.02337,
1403715310162142976,-1.31784,-2.99435,0.23467,-0.09211,0.80341,0.07071,0.58399,0.16268,-0.35212,0.01894,
1403715310312143104,-1.29624,-3.05663,0.23837,-0.06969,0.79787,0.06627,0.59511,0.09837,-0.44468,0.03937,
1403715310512142848,-1.29071,-3.14795,0.24574,-0.03577,0.80146,0.04788,0.59506,-0.03360,-0.44436,0.03906,
1403715310612143104,-1.29717,-3.19160,0.24884,-0.02390,0.80875,0.03790,0.58644,-0.07461,-0.42139,0.05134,
1403715310812143104,-1.31583,-3.26841,0.25968,-0.01100,0.82025,0.02405,0.57140,-0.08888,-0.35447,0.05678,
1403715310962142976,-1.32921,-3.31903,0.26878,-0.00879,0.82197,0.01622,0.56924,-0.07729,-0.32068,0.06974,
1403715311112143104,-1.33987,-3.36654,0.27335,-0.01440,0.82549,0.00499,0.56421,-0.05141,-0.30497,0.03180,
1403715311212142848,-1.34297,-3.39911,0.27366,-0.01907,0.82651,-0.00171,0.56260,-0.02239,-0.31642,0.02104,
1403715311462142976,-1.33363,-3.48976,0.27950,-0.01900,0.82951,-0.00675,0.55813,0.07694,-0.38771,0.06816,
1403715311662142976,-1.30908,-3.57439,0.29119,-0.00457,0.82886,-0.00043,0.55943,0.14651,-0.41429,0.07247,
1403715311862142976,-1.26733,-3.65653,0.30069,-0.00758,0.82704,-0.00742,0.56205,0.21914,-0.40943,0.06475,
1403715312062142976,-1.21285,-3.74019,0.30840,0.00149,0.82635,-0.00934,0.56308,0.29098,-0.41355,0.05258,
1403715312262142976,-1.14960,-3.82327,0.31634,0.01090,0.82518,-0.01066,0.56466,0.32425,-0.39345,0.05555,
1403715312412143104,-1.09935,-3.88090,0.32293,0.00794,0.82491,-0.01757,0.56493,0.34771,-0.37727,0.03559,
1403715312662142976,-1.00963,-3.97619,0.32677,0.01056,0.81801,-0.01803,0.57482,0.36314,-0.37977,-0.02128,
1403715312812143104,-0.95665,-4.03157,0.32081,0.01682,0.81174,-0.00957,0.58370,0.34003,-0.35288,-0.04899,
1403715312962142976,-0.91088,-4.07964,0.31926,0.01879,0.80360,0.00151,0.59487,0.26739,-0.29288,0.05924,
1403715313112143104,-0.88066,-4.11690,0.33905,0.01848,0.80160,0.01153,0.59746,0.15528,-0.21022,0.19823,
1403715313262142976,-0.86452,-4.14178,0.37105,0.01082,0.80417,0.01473,0.59412,0.06021,-0.13681,0.19878,
1403715313412143104,-0.86047,-4.15836,0.39787,0.00219,0.81102,0.01459,0.58484,0.00004,-0.10375,0.16516,
1403715313512142848,-0.86131,-4.16718,0.41555,0.00259,0.81398,0.01187,0.58076,-0.03399,-0.10073,0.16678,
1403715313612143104,-0.86398,-4.17591,0.43458,0.00906,0.81604,0.00741,0.57788,-0.03803,-0.07793,0.18390,
1403715313762142976,-0.87030,-4.18147,0.46403,0.01839,0.81716,0.00167,0.57612,-0.05735,-0.03131,0.21893,
1403715313862142976,-0.87559,-4.18006,0.48559,0.02070,0.81720,-0.00289,0.57597,-0.06054,0.00870,0.22612,
1403715314012142848,-0.88516,-4.17300,0.51607,0.01671,0.81730,-0.01243,0.57584,-0.06890,0.04708,0.18261,
1403715314112143104,-0.89288,-4.16988,0.53043,0.02453,0.81867,-0.01898,0.57342,-0.08176,0.04052,0.15697,
1403715314262142976,-0.90564,-4.16318,0.54722,0.04940,0.81935,-0.03910,0.56982,-0.07871,0.05900,0.12766,
1403715314362142976,-0.91382,-4.15554,0.55448,0.06587,0.81994,-0.05703,0.56579,-0.06552,0.10290,0.09521,
1403715314462142976,-0.92005,-4.14239,0.55838,0.07705,0.81978,-0.07460,0.56255,-0.04649,0.15445,0.06138,
1403715314562142976,-0.92243,-4.12395,0.56120,0.08277,0.81951,-0.08988,0.55989,-0.00497,0.19384,0.05696,
1403715314662142976,-0.92215,-4.10188,0.56202,0.08485,0.81798,-0.10229,0.55968,0.00839,0.22678,0.02824,
1403715314812143104,-0.91830,-4.06414,0.56095,0.08956,0.81523,-0.11126,0.56125,0.03714,0.26453,0.02754,
1403715314912143104,-0.91420,-4.03669,0.56057,0.09299,0.81374,-0.11309,0.56248,0.04398,0.28600,0.00659,
1403715315012142848,-0.90803,-4.00536,0.55863,0.09217,0.81226,-0.11508,0.56436,0.07001,0.31770,-0.01044,
1403715315162142976,-0.89682,-3.95640,0.55656,0.08818,0.81014,-0.11761,0.56751,0.08188,0.33468,-0.02873,
1403715315262142976,-0.88999,-3.92422,0.55584,0.08679,0.81068,-0.11796,0.56688,0.07843,0.33403,-0.01607,
1403715315362142976,-0.88449,-3.89348,0.55469,0.08968,0.81015,-0.12220,0.56629,0.07287,0.32395,0.00522,
1403715315462142976,-0.87926,-3.86238,0.55553,0.09419,0.80864,-0.13198,0.56552,0.06606,0.32130,0.00616,
1403715315562142976,-0.87445,-3.83093,0.55736,0.09977,0.80593,-0.14468,0.56532,0.05697,0.31296,0.03628,
1403715315662142976,-0.87147,-3.79920,0.55978,0.10674,0.80259,-0.15859,0.56507,0.03911,0.30466,0.04631,
1403715315762142976,-0.87154,-3.77188,0.56277,0.10856,0.79702,-0.17903,0.56650,0.01738,0.28945,0.03597,
1403715315862142976,-0.87297,-3.74436,0.56373,0.11255,0.79217,-0.20073,0.56525,-0.00640,0.24451,0.02793,
1403715316012142848,-0.87918,-3.71017,0.56221,0.13177,0.78643,-0.22725,0.55904,-0.06376,0.19880,-0.01726,
1403715316112143104,-0.88778,-3.69144,0.55523,0.15051,0.78277,-0.24167,0.55337,-0.07807,0.16645,-0.06620,
1403715316212142848,-0.89767,-3.67502,0.54467,0.17099,0.78022,-0.25583,0.54457,-0.09305,0.14300,-0.10539,
1403715316312143104,-0.90773,-3.65981,0.53250,0.19168,0.78056,-0.27137,0.52948,-0.09164,0.12972,-0.13519,
1403715316412143104,-0.91450,-3.64408,0.51707,0.20902,0.78284,-0.28599,0.51155,-0.04508,0.14679,-0.15355,
1403715316562142976,-0.90942,-3.61905,0.49473,0.22430,0.77852,-0.30378,0.50131,0.08968,0.15761,-0.15721,
1403715316662142976,-0.89334,-3.60102,0.47915,0.22935,0.77111,-0.31282,0.50491,0.16926,0.16032,-0.15974,
1403715316862142976,-0.85055,-3.56852,0.44096,0.24163,0.75450,-0.33195,0.51202,0.24249,0.15480,-0.20465,
1403715316962142976,-0.82747,-3.55445,0.41995,0.25223,0.74461,-0.34530,0.51255,0.25899,0.15418,-0.18858,
1403715317062142976,-0.80348,-3.53790,0.39930,0.26380,0.73199,-0.36271,0.51287,0.25323,0.17899,-0.20925,
1403715317212142848,-0.76741,-3.50985,0.36849,0.28077,0.71774,-0.39513,0.49989,0.24465,0.19680,-0.18699,
1403715317362142976,-0.73032,-3.47992,0.34134,0.30181,0.70107,-0.42747,0.48444,0.25337,0.21177,-0.16871,
1403715317512142848,-0.69095,-3.44918,0.31807,0.31848,0.67947,-0.46239,0.47232,0.26487,0.21100,-0.14472,
1403715317662142976,-0.65029,-3.42224,0.29750,0.33668,0.65683,-0.49241,0.46125,0.26181,0.19355,-0.12857,
1403715317812143104,-0.60960,-3.39689,0.27892,0.34817,0.63160,-0.52389,0.45321,0.24514,0.17890,-0.12389,
1403715317912143104,-0.58609,-3.38093,0.26768,0.35226,0.61396,-0.54581,0.44841,0.20690,0.16427,-0.11064,
1403715318112143104,-0.55494,-3.35256,0.24583,0.36680,0.58684,-0.57559,0.43562,0.10879,0.13155,-0.10870,
1403715318262142976,-0.54571,-3.33646,0.22970,-0.37493,-0.57615,0.58673,-0.42804,0.02619,0.10354,-0.11611,
1403715318412143104,-0.55112,-3.32283,0.21213,-0.38424,-0.57048,0.59372,-0.41763,-0.07595,0.08670,-0.11571,
1403715318612143104,-0.57659,-3.30774,0.18703,-0.40224,-0.56865,0.60416,-0.38708,-0.14478,0.06125,-0.13347,
1403715318812143104,-0.60755,-3.30690,0.15984,-0.40376,-0.55909,0.63136,-0.35466,-0.16041,-0.06506,-0.13413,
1403715318962142976,-0.63047,-3.32987,0.14482,-0.41572,-0.54275,0.64462,-0.34216,-0.15881,-0.22001,-0.09456,
1403715319162142976,-0.65924,-3.38817,0.12923,-0.44269,-0.51670,0.65452,-0.32962,-0.14160,-0.34455,-0.06434,
1403715319412143104,-0.68378,-3.48810,0.11270,-0.47282,-0.48110,0.67174,-0.30619,-0.05195,-0.45135,-0.06095,
1403715319612143104,-0.68787,-3.58123,0.10136,-0.48708,-0.44727,0.69032,-0.29352,0.02306,-0.48983,-0.02791,
1403715319812143104,-0.67564,-3.68454,0.11911,-0.49227,-0.43160,0.70028,-0.28461,0.09335,-0.54155,0.21157,
1403715320062142976,-0.64985,-3.82811,0.19185,-0.49558,-0.41975,0.70765,-0.27829,0.12690,-0.60086,0.29919,
1403715320262142976,-0.62198,-3.94968,0.24649,0.51355,0.39360,-0.71599,0.26211,0.17087,-0.61041,0.26190,
1403715320412143104,-0.59367,-4.04064,0.28171,0.53002,0.35139,-0.72883,0.25378,0.21597,-0.58940,0.23765,
1403715320662142976,-0.53309,-4.17147,0.33406,0.54032,0.27303,-0.76262,0.22784,0.25588,-0.46238,0.20507,
1403715320912143104,-0.46679,-4.26654,0.37117,0.53885,0.20842,-0.78586,0.22052,0.24071,-0.27463,0.12882,
1403715321162142976,-0.42247,-4.30719,0.39818,0.53646,0.19542,-0.79652,0.19896,0.10307,-0.06720,0.08900,
1403715321412143104,-0.40864,-4.30281,0.41913,0.53487,0.19479,-0.79947,0.19190,-0.00991,0.09520,0.07991,
1403715321612143104,-0.41908,-4.26830,0.43496,0.53538,0.20134,-0.79744,0.19215,-0.11234,0.21676,0.07375,
1403715321862142976,-0.46033,-4.19364,0.45973,0.55117,0.19125,-0.78824,0.19572,-0.20824,0.36223,0.11478,
1403715322112143104,-0.51391,-4.06770,0.48088,0.55074,0.17197,-0.79575,0.18408,-0.23915,0.61338,0.09669,
1403715322312143104,-0.56380,-3.92909,0.49674,0.55003,0.17742,-0.80328,0.14396,-0.27911,0.70612,0.07353,
1403715322562142976,-0.63629,-3.75246,0.48082,0.54634,0.15624,-0.81637,0.10319,-0.30919,0.65948,-0.21654,
1403715322762142976,-0.70422,-3.63113,0.43636,0.54496,0.14435,-0.82107,0.08960,-0.39366,0.54533,-0.22755,
1403715322962142976,-0.79269,-3.53506,0.41004,0.54780,0.14331,-0.82012,0.08238,-0.47534,0.43130,-0.03448,
1403715323162142976,-0.89751,-3.46892,0.42256,0.54939,0.14609,-0.81886,0.07934,-0.54450,0.28104,0.03805,
1403715323362142976,-1.01272,-3.42718,0.41085,0.55192,0.14985,-0.81665,0.07752,-0.59345,0.14987,-0.11440,
1403715323512142848,-1.10474,-3.41330,0.40384,0.55165,0.14980,-0.81683,0.07764,-0.63857,0.02381,0.03737,
1403715323712142848,-1.23310,-3.42018,0.43588,0.57339,0.14447,-0.80212,0.08346,-0.64139,-0.08149,0.22124,
1403715323912143104,-1.34610,-3.44298,0.47541,0.60681,0.13860,-0.77745,0.09019,-0.46787,-0.13733,0.20494,
1403715324062142976,-1.40093,-3.46492,0.50371,0.62582,0.13491,-0.76194,0.09798,-0.25107,-0.14580,0.16866,
1403715324212142848,-1.42324,-3.48509,0.52044,0.61395,0.13263,-0.77100,0.10507,-0.04885,-0.12959,0.13260,
1403715324362142976,-1.42361,-3.50447,0.53157,0.59902,0.12572,-0.78179,0.11907,0.09099,-0.09225,0.11741,
1403715324612143104,-1.40021,-3.51804,0.55520,0.55810,0.12071,-0.81084,0.12840,0.09245,0.01945,0.11907,
1403715324762142976,-1.39134,-3.51091,0.57597,0.55637,0.12424,-0.81251,0.12184,0.03230,0.08183,0.12262,
1403715324962142976,-1.38567,-3.49457,0.60244,0.57099,0.13871,-0.80259,0.10287,0.01824,0.07343,0.10017,
1403715325162142976,-1.37150,-3.48030,0.62013,0.58385,0.14075,-0.79260,0.10537,0.09878,0.06229,0.06268,
1403715325462142976,-1.31798,-3.45664,0.62763,0.57207,0.14087,-0.79992,0.11414,0.22472,0.09481,0.00611,
1403715325712142848,-1.27019,-3.42818,0.62795,0.55755,0.12789,-0.80943,0.13269,0.16111,0.15237,0.01251,
1403715325862142976,-1.25224,-3.39829,0.62644,0.55194,0.12536,-0.81342,0.13418,0.11034,0.23815,-0.01072,
1403715326162142976,-1.24164,-3.30856,0.61764,0.55586,0.13446,-0.81255,0.11271,-0.01889,0.34071,-0.05433,
1403715326362142976,-1.25117,-3.24547,0.60397,0.57018,0.13849,-0.80366,0.09925,-0.03740,0.30650,-0.07472,
1403715326562142976,-1.25634,-3.18878,0.58939,0.58948,0.13438,-0.79035,0.09902,0.04134,0.27701,-0.09150,
1403715326812143104,-1.23074,-3.11729,0.56313,0.58653,0.12879,-0.79344,0.09922,0.17967,0.28489,-0.11480,
1403715327012142848,-1.19058,-3.05493,0.53729,0.56950,0.11954,-0.80644,0.10504,0.22584,0.30786,-0.10404,
1403715327212142848,-1.15227,-2.98536,0.51671,0.55970,0.11119,-0.81354,0.11196,0.18055,0.37496,-0.10725,
1403715327362142976,-1.13207,-2.92352,0.50543,0.55375,0.10626,-0.81784,0.11489,0.11369,0.43217,-0.07703,
1403715327562142976,-1.11989,-2.82818,0.49276,0.55106,0.10947,-0.81910,0.11585,0.01114,0.51939,-0.07215,
1403715327712142848,-1.12261,-2.74866,0.48309,0.55118,0.12973,-0.81630,0.11409,-0.05006,0.53418,-0.06706,
1403715327912143104,-1.13797,-2.64323,0.46842,0.54801,0.16615,-0.80962,0.12882,-0.11199,0.50928,-0.08842,
1403715328062142976,-1.15827,-2.56581,0.45532,0.55091,0.19242,-0.79988,0.14021,-0.15270,0.50395,-0.08766,
1403715328312143104,-1.19725,-2.44170,0.44189,0.56787,0.20924,-0.78296,0.14390,-0.12088,0.47636,-0.03610,
1403715328562142976,-1.20854,-2.32574,0.43130,0.57365,0.20516,-0.78159,0.13401,0.03016,0.42521,-0.06113,
1403715328762142976,-1.19103,-2.25228,0.42163,0.55739,0.21278,-0.79102,0.13536,0.11843,0.30075,-0.06406,
1403715328962142976,-1.16136,-2.20657,0.41389,0.54629,0.24322,-0.78441,0.16466,0.16286,0.17711,-0.04789,
1403715329162142976,-1.12638,-2.17758,0.40495,0.53194,0.29340,-0.76651,0.20838,0.17521,0.11368,-0.06537,
1403715329362142976,-1.09594,-2.15299,0.38846,0.51315,0.34003,-0.74996,0.24212,0.14832,0.11196,-0.10689,
1403715329562142976,-1.07561,-2.12535,0.35902,0.50234,0.36167,-0.74156,0.25873,0.10939,0.11865,-0.16231,
1403715329812143104,-1.05806,-2.09957,0.32359,0.50370,0.36690,-0.73623,0.26388,0.07691,0.08137,-0.19573,
1403715330012142848,-1.04822,-2.09322,0.29184,0.50486,0.36446,-0.73574,0.26638,0.06013,0.03428,-0.22715,
1403715330212142848,-1.03842,-2.09035,0.24904,0.50218,0.37202,-0.73312,0.26823,0.03209,0.01375,-0.24953,
1403715330362142976,-1.03465,-2.08773,0.21723,-0.49878,-0.37776,0.73429,-0.26331,0.01787,-0.01399,-0.20992,
1403715330612143104,-1.03258,-2.09482,0.19840,0.50071,0.37459,-0.73261,0.26881,-0.00843,-0.04329,0.05885,
1403715330812143104,-1.03060,-2.09960,0.23640,0.50099,0.36511,-0.72949,0.28903,0.01312,-0.01737,0.18409,
1403715331062142976,-1.02943,-2.09824,0.28362,-0.47964,-0.39278,0.71570,-0.32164,-0.02749,0.05382,0.17525,
1403715331212142848,-1.04029,-2.08420,0.31912,-0.46503,-0.42442,0.70057,-0.33588,-0.11205,0.10744,0.25341,
1403715331462142976,-1.08687,-2.05192,0.40245,-0.46047,-0.46404,0.67777,-0.33653,-0.22247,0.13924,0.38366,
1403715331662142976,-1.13637,-2.02566,0.47502,-0.45893,-0.47238,0.67101,-0.34058,-0.25564,0.12942,0.34810,
1403715331862142976,-1.18815,-2.00101,0.53850,-0.46610,-0.47542,0.66676,-0.33489,-0.26232,0.10641,0.28642,
1403715332062142976,-1.23411,-1.97781,0.57312,-0.46151,-0.46875,0.67547,-0.33321,-0.24118,0.09754,0.07207,
1403715332212142848,-1.26643,-1.96312,0.57390,-0.45446,-0.45992,0.68587,-0.33395,-0.24679,0.05647,-0.00272,
1403715332462142976,-1.33109,-1.95061,0.57854,-0.44407,-0.45697,0.68854,-0.34625,-0.32791,0.02602,0.04500,
1403715332662142976,-1.40670,-1.95178,0.59036,-0.44081,-0.46502,0.68530,-0.34614,-0.43276,-0.03895,0.06324,
1403715332912143104,-1.52818,-1.97231,0.61369,-0.44757,-0.47640,0.67063,-0.35069,-0.52006,-0.12681,0.10286,
1403715333112143104,-1.63331,-1.99535,0.63451,-0.46875,-0.47946,0.63893,-0.37703,-0.52678,-0.06518,0.07133,
1403715333312143104,-1.73743,-1.99594,0.63395,-0.46909,-0.48760,0.63011,-0.38100,-0.49943,0.06024,-0.04204,
1403715333512142848,-1.83300,-1.97186,0.61949,-0.46113,-0.49479,0.63422,-0.37457,-0.45032,0.17129,-0.07328,
1403715333712142848,-1.92125,-1.93165,0.60161,-0.45676,-0.49646,0.63692,-0.37315,-0.42330,0.24592,-0.12393,
1403715333862142976,-1.98309,-1.89316,0.58492,-0.44128,-0.50505,0.64535,-0.36567,-0.41207,0.25816,-0.10237,
1403715333962142976,-2.02477,-1.86988,0.57892,-0.43411,-0.51285,0.64369,-0.36633,-0.40984,0.22806,-0.05073,
1403715334112143104,-2.08624,-1.84037,0.57796,-0.42461,-0.52412,0.63585,-0.37509,-0.42008,0.17721,0.00630,
1403715334262142976,-2.15299,-1.81733,0.58165,-0.41594,-0.53390,0.63010,-0.38068,-0.45495,0.13901,0.03550,
1403715334412143104,-2.22354,-1.79886,0.58579,-0.41314,-0.53941,0.62539,-0.38372,-0.48581,0.09864,0.02947,
1403715334562142976,-2.29780,-1.78666,0.58890,-0.41331,-0.54138,0.62209,-0.38611,-0.50385,0.07000,0.03170,
1403715334712142848,-2.37534,-1.77769,0.59092,-0.41612,-0.54481,0.61825,-0.38445,-0.51084,0.04606,0.00745,
1403715334862142976,-2.45052,-1.77500,0.59092,-0.41882,-0.54589,0.61653,-0.38274,-0.49789,0.01001,-0.00185,
1403715335012142848,-2.52433,-1.77680,0.58855,-0.42021,-0.54641,0.61627,-0.38089,-0.48270,-0.01673,-0.01488,
1403715335162142976,-2.59486,-1.78278,0.58585,-0.41980,-0.54884,0.61478,-0.38025,-0.45848,-0.05109,-0.02046,
1403715335312143104,-2.66194,-1.79462,0.58225,-0.41843,-0.55226,0.61251,-0.38048,-0.42716,-0.08839,-0.02481,
1403715335462142976,-2.72417,-1.81105,0.57934,-0.41398,-0.56003,0.60506,-0.38585,-0.39715,-0.12843,-0.03072,
1403715335612143104,-2.78354,-1.83199,0.57560,-0.40561,-0.56405,0.60099,-0.39514,-0.38282,-0.15774,-0.03469,
1403715335762142976,-2.84000,-1.85721,0.57136,-0.39759,-0.57369,0.59198,-0.40295,-0.36306,-0.19346,-0.03647,
1403715335912143104,-2.89700,-1.88657,0.56495,0.39202,0.58385,-0.58122,0.40942,-0.36929,-0.21064,-0.05013,
1403715336062142976,-2.95516,-1.91728,0.56073,0.39179,0.58874,-0.57000,0.41830,-0.37203,-0.21869,-0.03312,
1403715336262142976,-3.03233,-1.95807,0.55455,0.39427,0.58846,-0.56005,0.42965,-0.36081,-0.19092,-0.05242,
1403715336412143104,-3.09069,-1.98289,0.54774,0.38758,0.59506,-0.56088,0.42555,-0.37719,-0.16670,-0.04935,
1403715336612143104,-3.16340,-2.01682,0.54481,0.38504,0.59918,-0.56097,0.42194,-0.34998,-0.18050,-0.01441,
1403715336712142848,-3.19728,-2.03504,0.54503,0.38547,0.59907,-0.56122,0.42138,-0.33842,-0.18886,-0.01158,
1403715336962142976,-3.27514,-2.08587,0.55320,0.38908,0.59861,-0.56009,0.42022,-0.29884,-0.21970,0.06839,
1403715337112143104,-3.31274,-2.11658,0.56566,0.38753,0.60221,-0.55739,0.42011,-0.23266,-0.21183,0.09496,
1403715337212142848,-3.33304,-2.13623,0.57492,0.38157,0.60994,-0.55246,0.42091,-0.19174,-0.21787,0.10165,
1403715337412143104,-3.37046,-2.18559,0.59168,0.35749,0.62446,-0.54270,0.43327,-0.17628,-0.27307,0.08294,
1403715337512142848,-3.38997,-2.21441,0.59920,0.34700,0.62655,-0.53924,0.44300,-0.19438,-0.30232,0.07911,
1403715337712142848,-3.43640,-2.28128,0.61399,0.34525,0.63117,-0.52771,0.45160,-0.24891,-0.36026,0.06559,
1403715337862142976,-3.47700,-2.33629,0.62490,0.34851,0.63286,-0.52301,0.45220,-0.27164,-0.38681,0.06940,
1403715338012142848,-3.51729,-2.39302,0.63580,0.35432,0.63204,-0.52223,0.44974,-0.26795,-0.38558,0.07473,
1403715338162142976,-3.55581,-2.44851,0.64608,0.35586,0.62719,-0.52602,0.45089,-0.26037,-0.37668,0.06345,
1403715338312143104,-3.59095,-2.50335,0.65304,0.35178,0.62690,-0.52583,0.45470,-0.23743,-0.37102,0.05238,
1403715338462142976,-3.62563,-2.55772,0.65973,0.34142,0.63247,-0.51903,0.46262,-0.25059,-0.37454,0.05427,
1403715338612143104,-3.66488,-2.61506,0.66949,0.33110,0.64605,-0.50171,0.47041,-0.27572,-0.39038,0.08660,
1403715338762142976,-3.70757,-2.67207,0.68250,0.32017,0.66288,-0.47838,0.47879,-0.29391,-0.38293,0.07954,
1403715338962142976,-3.77176,-2.74704,0.69620,0.30799,0.68070,-0.45754,0.48213,-0.32873,-0.37646,0.03934,
1403715339112143104,-3.82338,-2.80264,0.69997,0.30273,0.69028,-0.44942,0.47947,-0.33111,-0.38260,-0.00188,
1403715339262142976,-3.87155,-2.86088,0.69947,0.30512,0.69625,-0.44135,0.47681,-0.29698,-0.39998,-0.01912,
1403715339412143104,-3.91324,-2.92187,0.69655,0.30317,0.69255,-0.44088,0.48382,-0.26936,-0.40825,-0.02660,
1403715339512142848,-3.93999,-2.96160,0.69234,0.30362,0.68950,-0.44201,0.48686,-0.26917,-0.40496,-0.04961,
1403715339662142976,-3.97874,-3.02020,0.67884,0.30425,0.68927,-0.44658,0.48261,-0.25771,-0.38362,-0.09983,
1403715339762142976,-4.00326,-3.05816,0.66813,0.31344,0.69161,-0.44463,0.47513,-0.23542,-0.38162,-0.10849,
1403715339912143104,-4.03178,-3.11287,0.65008,0.33055,0.69435,-0.43688,0.46664,-0.14293,-0.34819,-0.12853,
1403715340062142976,-4.04103,-3.16102,0.63384,0.33456,0.70351,-0.42189,0.46384,0.01538,-0.28836,-0.09533,
1403715340212142848,-4.02744,-3.19984,0.62770,0.31801,0.71340,-0.40545,0.47491,0.15768,-0.21049,0.00222,
1403715340312143104,-4.00736,-3.22143,0.63303,0.29820,0.72007,-0.39293,0.48805,0.24435,-0.18843,0.08693,
1403715340512142848,-3.95440,-3.25832,0.66117,0.25417,0.73900,-0.36018,0.50945,0.29272,-0.15685,0.15441,
1403715340662142976,-3.91488,-3.28643,0.68124,0.22912,0.74972,-0.34509,0.51608,0.27469,-0.18316,0.13056,
1403715340812143104,-3.87621,-3.31917,0.69519,0.21706,0.75561,-0.33755,0.51769,0.26248,-0.22513,0.10291,
1403715341012142848,-3.82465,-3.37038,0.71144,0.20378,0.75377,-0.34560,0.52045,0.24667,-0.29315,0.08894,
1403715341212142848,-3.77538,-3.43894,0.73114,0.21916,0.74757,-0.34591,0.52292,0.22801,-0.38234,0.10471,
1403715341362142976,-3.73930,-3.49822,0.74686,0.23308,0.73873,-0.34813,0.52798,0.20085,-0.39677,0.11231,
1403715341512142848,-3.70796,-3.55512,0.76150,0.24550,0.73487,-0.35096,0.52585,0.18245,-0.37126,0.09983,
1403715341662142976,-3.67978,-3.60788,0.77572,0.26198,0.73362,-0.34748,0.52195,0.18047,-0.33089,0.08376,
1403715341862142976,-3.63887,-3.66341,0.78849,0.27908,0.73598,-0.34092,0.51402,0.23014,-0.22752,0.03929,
1403715341962142976,-3.61316,-3.68023,0.79207,0.27059,0.73652,-0.34604,0.51437,0.27093,-0.15695,0.03064,
1403715342162142976,-3.55999,-3.70140,0.79814,0.24502,0.74112,-0.35894,0.51172,0.27909,-0.08599,0.02666,
1403715342312143104,-3.51849,-3.71808,0.80328,0.23251,0.74385,-0.36142,0.51186,0.29553,-0.13827,0.01821,
1403715342462142976,-3.47472,-3.73925,0.80371,0.22393,0.75213,-0.34928,0.51201,0.31666,-0.16785,-0.00366,
1403715342612143104,-3.42701,-3.76861,0.80434,0.22004,0.76588,-0.32135,0.51161,0.34307,-0.22022,0.03056,
1403715342812143104,-3.35170,-3.81048,0.80532,0.21350,0.77681,-0.28122,0.52144,0.41797,-0.18375,-0.00541,
1403715342962142976,-3.28656,-3.83883,0.80544,0.19593,0.77706,-0.27212,0.53267,0.45954,-0.18040,-0.00692,
1403715343112143104,-3.21766,-3.86802,0.80205,0.18734,0.77535,-0.26693,0.54082,0.46939,-0.18830,-0.05267,
1403715343262142976,-3.14824,-3.89711,0.79406,0.18246,0.77672,-0.26331,0.54230,0.46500,-0.19338,-0.09332,
1403715343362142976,-3.10302,-3.91605,0.78688,0.17981,0.77973,-0.26337,0.53882,0.45784,-0.18981,-0.09903,
1403715343562142976,-3.01064,-3.95472,0.77089,0.18260,0.78390,-0.26327,0.53183,0.47621,-0.19239,-0.08995,
1403715343762142976,-2.90787,-3.99535,0.76067,0.19210,0.78198,-0.26187,0.53200,0.53627,-0.20349,-0.04185,
1403715343962142976,-2.79409,-4.03048,0.75682,0.19614,0.77666,-0.26089,0.53876,0.59523,-0.15147,-0.01173,
1403715344162142976,-2.67251,-4.05201,0.75460,0.18346,0.77773,-0.24569,0.54874,0.62697,-0.07353,-0.01856,
1403715344312143104,-2.58073,-4.05976,0.75180,0.18107,0.78129,-0.21901,0.55573,0.59876,-0.01284,-0.02460,
1403715344512142848,-2.46404,-4.05364,0.74671,0.18428,0.78044,-0.18882,0.56683,0.56907,0.11139,-0.04165,
1403715344712142848,-2.35498,-4.01584,0.73092,0.17750,0.78932,-0.17701,0.56047,0.53631,0.28514,-0.10478,
1403715344962142976,-2.21764,-3.92019,0.70698,0.16878,0.79698,-0.17449,0.55307,0.57003,0.48123,-0.09983,
1403715345112143104,-2.13106,-3.84273,0.69673,0.15484,0.78963,-0.18276,0.56490,0.58090,0.55586,-0.06982,
1403715345362142976,-1.99555,-3.69662,0.67741,0.14590,0.78902,-0.18988,0.56578,0.51229,0.61628,-0.09555,
1403715345562142976,-1.89821,-3.56877,0.66070,0.14379,0.78990,-0.19067,0.56483,0.47658,0.65788,-0.09237,
1403715345762142976,-1.80858,-3.43194,0.64139,0.14000,0.78925,-0.19184,0.56629,0.42970,0.68730,-0.10817,
1403715345962142976,-1.72990,-3.29235,0.61768,0.13527,0.79834,-0.19481,0.55353,0.39359,0.69624,-0.12193,
1403715346162142976,-1.65096,-3.15713,0.60235,0.12979,0.80931,-0.20039,0.53668,0.43049,0.64573,-0.04622,
1403715346412143104,-1.53518,-3.00482,0.60180,0.13350,0.79831,-0.20314,0.55102,0.48453,0.57800,0.00736,
1403715346612143104,-1.44218,-2.89080,0.60717,0.13472,0.78880,-0.21093,0.56138,0.44927,0.54376,0.01434,
1403715346812143104,-1.36011,-2.78231,0.61222,0.13764,0.78362,-0.22164,0.56380,0.37920,0.51185,0.00960,
1403715347012142848,-1.29097,-2.68148,0.61171,0.13613,0.78683,-0.23427,0.55452,0.33364,0.46441,0.00264,
1403715347212142848,-1.22943,-2.59545,0.61776,0.14106,0.79279,-0.22698,0.54778,0.32128,0.39546,0.03796,
1403715347362142976,-1.18003,-2.53742,0.63004,0.13935,0.79638,-0.20142,0.55299,0.33689,0.37759,0.05724,
1403715347562142976,-1.11416,-2.45798,0.64889,0.13225,0.80176,-0.15697,0.56129,0.33935,0.41716,0.08852,
1403715347762142976,-1.05150,-2.36731,0.66861,0.11353,0.80174,-0.13945,0.56998,0.32461,0.48403,0.07926,
1403715347912143104,-1.00655,-2.29312,0.68104,0.08932,0.80284,-0.13335,0.57418,0.28437,0.50632,0.05479,
1403715348112143104,-0.95650,-2.19581,0.69253,0.04341,0.80563,-0.11421,0.57968,0.21886,0.44296,0.05957,
1403715348362142976,-0.91108,-2.10509,0.70262,0.00187,0.81754,-0.05572,0.57317,0.15457,0.26877,-0.00434,
1403715348562142976,-0.87638,-2.06605,0.68510,-0.01448,0.82444,-0.02618,0.56516,0.17919,0.12752,-0.19986,
1403715348762142976,-0.83185,-2.04826,0.62792,-0.03078,0.82045,-0.02119,0.57049,0.22301,0.00529,-0.33135,
1403715348962142976,-0.78455,-2.05293,0.56341,-0.04329,0.81814,-0.00944,0.57331,0.20942,-0.12981,-0.28465,
1403715349162142976,-0.74228,-2.08392,0.50766,-0.04245,0.81484,0.01101,0.57802,0.19935,-0.24120,-0.24059,
1403715349362142976,-0.70661,-2.13666,0.45822,-0.04541,0.80827,0.02616,0.58648,0.15289,-0.31722,-0.21680,
1403715349612143104,-0.68419,-2.22116,0.39386,-0.03721,0.80697,0.04129,0.58797,0.04126,-0.34766,-0.26254,
1403715349762142976,-0.68252,-2.26918,0.35414,-0.04658,0.80992,0.05461,0.58213,-0.00801,-0.31931,-0.23225,
1403715349962142976,-0.68634,-2.33195,0.31102,-0.07375,0.81040,0.08143,0.57548,-0.03728,-0.31541,-0.18910,
1403715350112143104,-0.69139,-2.38527,0.28133,-0.08455,0.81084,0.10677,0.56920,-0.05548,-0.36239,-0.21782,
1403715350212142848,-0.69553,-2.42500,0.26141,-0.08742,0.81479,0.11825,0.56079,-0.03452,-0.38691,-0.20383,
1403715350362142976,-0.69870,-2.48394,0.23055,-0.07944,0.82304,0.13328,0.54638,0.00483,-0.37115,-0.20493,
1403715350512142848,-0.69505,-2.53165,0.20162,-0.06695,0.82657,0.14229,0.54041,0.07159,-0.27271,-0.19020,
1403715350662142976,-0.68087,-2.56012,0.17718,-0.06343,0.82731,0.14053,0.54017,0.14808,-0.13045,-0.17016,
1403715350862142976,-0.64341,-2.57069,0.15010,-0.06981,0.82516,0.13285,0.54460,0.24389,-0.00729,-0.12034,
1403715351012142848,-0.60532,-2.56386,0.13412,-0.06484,0.82083,0.13751,0.55057,0.28313,0.08624,-0.09653,
1403715351212142848,-0.54590,-2.52942,0.12025,-0.06770,0.82045,0.13837,0.55058,0.31429,0.23750,-0.04780,
1403715351362142976,-0.49652,-2.48684,0.11891,-0.07300,0.81663,0.13645,0.55602,0.34699,0.32619,-0.00199,
1403715351512142848,-0.44356,-2.43319,0.12016,-0.07421,0.81107,0.13542,0.56420,0.33843,0.39240,0.01201,
1403715351662142976,-0.39628,-2.36898,0.12536,-0.07368,0.80061,0.13520,0.57906,0.29531,0.46641,0.02704,
1403715351812143104,-0.35785,-2.29254,0.13048,-0.08009,0.80106,0.14233,0.57588,0.22905,0.55118,0.04356,
1403715351962142976,-0.32637,-2.20485,0.13865,-0.10291,0.80249,0.15272,0.56754,0.20318,0.60799,0.06821,
1403715352112143104,-0.29746,-2.11521,0.15298,-0.12691,0.80165,0.16916,0.55914,0.18848,0.59513,0.12338,
1403715352262142976,-0.26939,-2.03098,0.17295,-0.14424,0.79990,0.18052,0.55387,0.19548,0.55171,0.13358,
1403715352412143104,-0.23768,-1.95322,0.18769,-0.15441,0.80045,0.18584,0.54855,0.21789,0.50770,0.08888,
1403715352612143104,-0.18836,-1.86347,0.20131,-0.17062,0.79777,0.18239,0.54881,0.28481,0.40309,0.05702,
1403715352762142976,-0.14585,-1.80880,0.20882,-0.16111,0.79187,0.19129,0.55713,0.29447,0.34079,0.04001,
1403715352962142976,-0.09388,-1.74673,0.21494,-0.15432,0.78505,0.19725,0.56655,0.23161,0.28701,0.02557,
1403715353162142976,-0.05595,-1.69473,0.22509,-0.15674,0.78565,0.19834,0.56466,0.17552,0.23407,0.10934,
1403715353362142976,-0.02943,-1.65405,0.26849,-0.15790,0.78677,0.20399,0.56076,0.11101,0.18218,0.26978,
1403715353562142976,-0.00905,-1.62047,0.30061,-0.15647,0.78656,0.21367,0.55785,0.08662,0.16090,0.01025,
1403715353762142976,0.00612,-1.58861,0.28306,-0.15639,0.78470,0.22130,0.55751,0.05132,0.15377,-0.13897,
1403715353962142976,0.01331,-1.55565,0.24992,-0.15797,0.78253,0.22669,0.55795,0.00502,0.16738,-0.18687,
1403715354162142976,0.01238,-1.52069,0.20836,-0.17408,0.78811,0.22009,0.54785,-0.02120,0.16310,-0.20766,
1403715354262142976,0.01271,-1.50669,0.18818,-0.18146,0.79110,0.21693,0.54238,0.00316,0.12581,-0.20087,
1403715354512142848,0.02512,-1.48316,0.14579,-0.16680,0.79202,0.22971,0.54048,0.08199,0.08734,-0.16227,
1403715354712142848,0.04635,-1.46525,0.13103,-0.16590,0.79110,0.23016,0.54190,0.13566,0.11100,0.03666,
1403715354912143104,0.07344,-1.44580,0.16370,-0.16951,0.79105,0.22744,0.54201,0.15970,0.11872,0.26531,
1403715355112143104,0.10612,-1.42788,0.22080,-0.17619,0.78872,0.22788,0.54310,0.17877,0.08533,0.26823,
1403715355312143104,0.13955,-1.41462,0.27049,-0.18456,0.78355,0.25095,0.53760,0.18148,0.08098,0.21939,
1403715355512142848,0.17576,-1.39940,0.31376,-0.20874,0.76970,0.28653,0.53093,0.18812,0.07915,0.21325,
1403715355662142976,0.20380,-1.38999,0.34404,-0.22876,0.75708,0.31514,0.52459,0.19168,0.05370,0.17416,
1403715355812143104,0.23395,-1.38532,0.36839,-0.23864,0.74801,0.33756,0.51922,0.19323,0.03027,0.14301,
1403715356012142848,0.27674,-1.38007,0.39702,-0.23959,0.74354,0.35290,0.51497,0.20599,0.04257,0.13748,
1403715356212142848,0.31664,-1.36818,0.42321,-0.22329,0.74238,0.36014,0.51896,0.16951,0.09283,0.12431,
1403715356412143104,0.34098,-1.33882,0.44172,-0.21206,0.75028,0.35235,0.51765,0.09776,0.19583,0.05305,
1403715356662142976,0.35860,-1.27039,0.45011,-0.22648,0.76169,0.33276,0.50775,0.08573,0.32972,0.00923,
1403715356812143104,0.37232,-1.21520,0.45137,-0.24021,0.75689,0.33950,0.50413,0.11497,0.37483,-0.01170,
1403715357012142848,0.40096,-1.13521,0.45680,-0.26640,0.74217,0.36734,0.49323,0.18867,0.41518,0.09195,
1403715357212142848,0.44339,-1.05494,0.47990,-0.29346,0.71764,0.40593,0.48382,0.24405,0.39744,0.14582,
1403715357412143104,0.50076,-0.97846,0.51107,-0.30084,0.69846,0.43295,0.48394,0.29157,0.38761,0.15630,
1403715357562142976,0.54499,-0.92435,0.53037,-0.29902,0.69362,0.44377,0.48223,0.28267,0.38216,0.09967,
1403715357762142976,0.59793,-0.85216,0.55223,-0.29531,0.68707,0.45220,0.48605,0.25062,0.39118,0.08082,
1403715357962142976,0.63432,-0.77081,0.56512,-0.28452,0.68179,0.46068,0.49192,0.15330,0.43823,0.01035,
1403715358162142976,0.64837,-0.67343,0.56541,-0.28387,0.68640,0.46003,0.48647,0.04254,0.53253,-0.03230,
1403715358312143104,0.64659,-0.58638,0.56073,-0.29068,0.69356,0.45409,0.47779,-0.00287,0.61047,-0.05427,
1403715358512142848,0.64098,-0.45053,0.55273,-0.29127,0.68379,0.46617,0.47987,-0.05657,0.72073,-0.05537,
1403715358712142848,0.62143,-0.30064,0.54119,-0.31400,0.66673,0.47422,0.48165,-0.14247,0.77151,-0.08182,
1403715358912143104,0.59084,-0.15148,0.52807,-0.34527,0.65637,0.47437,0.47428,-0.16100,0.71993,-0.09405,
1403715359012142848,0.57657,-0.08336,0.52192,-0.35261,0.65324,0.47706,0.47049,-0.15733,0.67953,-0.11937,
1403715359212142848,0.54922,0.04066,0.50308,-0.35749,0.64911,0.48241,0.46705,-0.14246,0.58054,-0.12105,
1403715359362142976,0.52943,0.11791,0.49042,-0.35437,0.64594,0.48509,0.47102,-0.14795,0.48164,-0.10873,
1403715359562142976,0.49445,0.20826,0.47835,-0.34180,0.64223,0.48959,0.48064,-0.21228,0.41195,-0.03088,
1403715359712142848,0.45538,0.26680,0.47738,-0.34302,0.64477,0.48609,0.47992,-0.29052,0.36283,0.00203,
1403715359912143104,0.39035,0.33208,0.48183,-0.34555,0.65209,0.48227,0.47200,-0.34721,0.28992,0.02245,
1403715360062142976,0.33855,0.37328,0.48866,-0.34642,0.65780,0.48181,0.46385,-0.34448,0.25321,0.03011,
1403715360262142976,0.27098,0.42381,0.49767,-0.34333,0.65872,0.48447,0.46206,-0.32987,0.23511,0.04578,
1403715360462142976,0.20981,0.46549,0.50648,-0.34958,0.67390,0.46349,0.45698,-0.27811,0.18789,0.04881,
1403715360562142976,0.18469,0.48081,0.51114,-0.35006,0.68571,0.44569,0.45675,-0.21835,0.15643,0.03703,
1403715360712142848,0.16159,0.49815,0.52205,-0.33435,0.70033,0.42204,0.46866,-0.10475,0.08686,0.09598,
1403715360912143104,0.15280,0.50798,0.54031,-0.29142,0.71747,0.39426,0.49484,-0.01484,0.02930,0.09019,
1403715361112143104,0.15062,0.51355,0.55928,-0.25264,0.73858,0.35592,0.51380,-0.01009,0.01664,0.08711,
1403715361262142976,0.14640,0.51805,0.57258,-0.22543,0.75475,0.32432,0.52379,-0.01637,0.02811,0.09207,
1403715361462142976,0.14037,0.52643,0.58680,-0.18937,0.77163,0.28312,0.53718,-0.03595,0.05706,0.05018,
1403715361612143104,0.13224,0.54175,0.59144,-0.16877,0.77981,0.26060,0.54359,-0.05934,0.11328,0.01953,
1403715361762142976,0.12191,0.56829,0.58912,-0.15556,0.78807,0.24335,0.54363,-0.06117,0.17615,-0.02862,
1403715361962142976,0.11382,0.61259,0.57648,-0.13656,0.80166,0.21235,0.54185,-0.02061,0.23976,-0.05334,
1403715362162142976,0.11560,0.66473,0.55928,-0.10835,0.80994,0.17275,0.54992,0.03462,0.28279,-0.09369,
1403715362312143104,0.12308,0.70929,0.54212,-0.07999,0.81522,0.13869,0.55658,0.07361,0.32573,-0.11731,
1403715362562142976,0.14220,0.80175,0.50980,-0.03252,0.82228,0.07438,0.56327,0.09207,0.42217,-0.13177,
1403715362662142976,0.15241,0.84676,0.49770,-0.01545,0.82388,0.04801,0.56452,0.11241,0.46541,-0.10832,
1403715362812143104,0.17163,0.92133,0.48499,-0.00040,0.82454,0.00329,0.56580,0.13866,0.51310,-0.07383,
1403715363012142848,0.20501,1.02182,0.47922,-0.00636,0.81317,-0.06763,0.57804,0.16778,0.44312,-0.00815,
1403715363112143104,0.21994,1.06177,0.48015,-0.00272,0.80848,-0.09364,0.58102,0.14531,0.35431,0.01832,
1403715363262142976,0.23475,1.10038,0.48542,0.01281,0.80757,-0.12184,0.57690,0.10145,0.19497,0.05592,
1403715363412143104,0.24233,1.11484,0.49628,0.03170,0.80468,-0.14605,0.57459,0.05024,0.05396,0.08971,
1403715363512142848,0.24410,1.11207,0.50630,0.04669,0.80168,-0.16120,0.57372,0.02161,-0.04489,0.10822,
1403715363712142848,0.24044,1.08449,0.53050,0.09303,0.79693,-0.18212,0.56840,-0.01762,-0.18199,0.13283,
1403715363812143104,0.23636,1.06483,0.54269,0.11276,0.79186,-0.19833,0.56649,-0.04178,-0.20380,0.12126,
1403715363962142976,0.22606,1.03111,0.55936,0.14200,0.78091,-0.22955,0.56332,-0.08116,-0.23057,0.11192,
1403715364112143104,0.21044,0.99676,0.57360,0.17016,0.76749,-0.26480,0.55847,-0.11820,-0.21523,0.11436,
1403715364212142848,0.19753,0.97546,0.58225,0.18439,0.76035,-0.28270,0.55493,-0.13474,-0.19194,0.09577,
1403715364362142976,0.17698,0.94820,0.59701,0.19035,0.75610,-0.30390,0.54747,-0.15663,-0.15903,0.10888,
1403715364512142848,0.15516,0.92085,0.61578,0.18767,0.75406,-0.31551,0.54464,-0.17159,-0.18804,0.12891,
1403715364662142976,0.12671,0.88711,0.63886,0.18708,0.75246,-0.31788,0.54568,-0.21316,-0.23403,0.14947,
1403715364862142976,0.07477,0.83097,0.67271,0.21239,0.75306,-0.31613,0.53653,-0.28063,-0.26049,0.15414,
1403715365012142848,0.03174,0.78767,0.69694,0.22801,0.75260,-0.32558,0.52498,-0.27278,-0.25799,0.15485,
1403715365212142848,-0.01924,0.73531,0.73150,0.24801,0.74128,-0.34530,0.51938,-0.23556,-0.22890,0.16662,
1403715365362142976,-0.05143,0.70548,0.75631,0.26096,0.73246,-0.35752,0.51728,-0.20296,-0.18308,0.13640,
1403715365512142848,-0.08116,0.68093,0.77774,0.27036,0.72162,-0.37543,0.51501,-0.19684,-0.14088,0.11073,
1403715365662142976,-0.11055,0.66402,0.79474,0.28108,0.70597,-0.40224,0.51069,-0.19944,-0.10378,0.09416,
1403715365812143104,-0.14257,0.65038,0.80939,0.29118,0.68607,-0.43560,0.50475,-0.23351,-0.08914,0.07773,
1403715365962142976,-0.17823,0.64214,0.82145,0.30341,0.67059,-0.46073,0.49597,-0.26170,-0.06539,0.05686,
1403715366162142976,-0.23480,0.63427,0.83133,0.30542,0.65296,-0.48539,0.49473,-0.34204,-0.04561,0.03241,
1403715366362142976,-0.31342,0.62865,0.83778,0.31255,0.64825,-0.49017,0.49176,-0.44792,-0.03420,0.01892,
1403715366562142976,-0.41239,0.62292,0.84366,0.32275,0.65891,-0.48315,0.47774,-0.51022,-0.01602,0.00425,
1403715366762142976,-0.51661,0.61499,0.84452,0.32120,0.66977,-0.47856,0.46821,-0.50340,-0.03723,-0.02162,
1403715366912143104,-0.59339,0.60489,0.84585,0.31605,0.67697,-0.47680,0.46312,-0.48059,-0.07929,-0.00042,
1403715367112143104,-0.68840,0.58089,0.85500,0.30699,0.67996,-0.47662,0.46503,-0.44766,-0.15022,0.04137,
1403715367262142976,-0.75596,0.54950,0.86985,0.30142,0.68164,-0.47541,0.46743,-0.43472,-0.21820,0.06240,
1403715367462142976,-0.84332,0.49497,0.88210,0.29435,0.68518,-0.47479,0.46739,-0.43502,-0.31826,0.05660,
1403715367612143104,-0.91131,0.44180,0.89400,0.29158,0.68760,-0.47280,0.46760,-0.43245,-0.40262,0.08242,
1403715367762142976,-0.97579,0.37558,0.90632,0.29135,0.68827,-0.46960,0.46997,-0.41943,-0.48254,0.08822,
1403715367912143104,-1.04111,0.29807,0.92037,0.29764,0.68861,-0.46297,0.47211,-0.41166,-0.54882,0.09356,
1403715368062142976,-1.10171,0.21333,0.93187,0.30417,0.68226,-0.45865,0.48130,-0.40585,-0.58097,0.05504,
1403715368262142976,-1.18356,0.09942,0.93660,0.30356,0.67554,-0.46117,0.48870,-0.42915,-0.56613,-0.00347,
1403715368462142976,-1.27450,-0.01158,0.93534,0.29510,0.66709,-0.46926,0.49770,-0.49583,-0.56913,-0.01592,
1403715368662142976,-1.38490,-0.12304,0.93087,0.30719,0.66770,-0.46453,0.49399,-0.59405,-0.54419,-0.03560,
1403715368812143104,-1.47631,-0.20295,0.92713,0.31605,0.67113,-0.46114,0.48687,-0.62129,-0.51198,-0.03555,
1403715369012142848,-1.59665,-0.29899,0.91958,0.31294,0.67796,-0.45890,0.48151,-0.59422,-0.46004,-0.04826,
1403715369212142848,-1.71012,-0.38967,0.91417,0.29437,0.69695,-0.44112,0.48272,-0.54603,-0.46737,-0.00793,
1403715369412143104,-1.81689,-0.48317,0.91437,0.27167,0.72069,-0.40599,0.49190,-0.49978,-0.48008,0.01831,
1403715369562142976,-1.89006,-0.55548,0.91602,0.25024,0.73813,-0.37577,0.50134,-0.46131,-0.48869,0.02023,
1403715369762142976,-1.98171,-0.65749,0.91740,0.22625,0.75720,-0.33668,0.51196,-0.42610,-0.51894,0.02279,
1403715369962142976,-2.06534,-0.76740,0.91362,0.21744,0.77041,-0.31369,0.51067,-0.36641,-0.54494,-0.02083,
1403715370162142976,-2.12841,-0.87983,0.90470,0.22424,0.77625,-0.29981,0.50721,-0.23695,-0.54410,-0.02688,
1403715370412143104,-2.16881,-1.01039,0.89633,0.21249,0.76047,-0.31157,0.52864,-0.13082,-0.50157,-0.01341,
1403715370612143104,-2.19221,-1.11079,0.89162,0.20736,0.75349,-0.32236,0.53417,-0.13934,-0.49794,-0.01235,
1403715370862142976,-2.22642,-1.23811,0.88691,0.21524,0.75471,-0.32307,0.52888,-0.15807,-0.51215,-0.01307,
1403715371062142976,-2.25270,-1.33818,0.87614,0.21512,0.76333,-0.32766,0.51350,-0.12776,-0.51063,-0.07176,
1403715371212142848,-2.26365,-1.41708,0.86647,0.21255,0.77319,-0.33183,0.49689,-0.04049,-0.55319,-0.07766,
1403715371412143104,-2.25698,-1.53860,0.85508,0.21368,0.77499,-0.33139,0.49387,0.09059,-0.64501,-0.07201,
1403715371612143104,-2.22740,-1.67371,0.85039,0.20822,0.75842,-0.33360,0.51977,0.17024,-0.71110,-0.05436,
1403715371812143104,-2.19823,-1.82116,0.84108,0.19866,0.74834,-0.33737,0.53545,0.12596,-0.77465,-0.06627,
1403715372062142976,-2.17638,-2.01869,0.82269,0.21062,0.75769,-0.32479,0.52541,0.09095,-0.80563,-0.06355,
1403715372262142976,-2.15724,-2.17751,0.81328,0.20834,0.75736,-0.31833,0.53072,0.12281,-0.80938,-0.00029,
1403715372462142976,-2.13234,-2.33443,0.82029,0.19779,0.76417,-0.29673,0.53747,0.12935,-0.79043,0.07917,
1403715372662142976,-2.10813,-2.48973,0.84299,0.18968,0.76931,-0.27757,0.54328,0.13312,-0.77650,0.12674,
1403715372862142976,-2.08729,-2.64175,0.86375,0.18370,0.77180,-0.26967,0.54577,0.11650,-0.75391,0.08400,
1403715373062142976,-2.06646,-2.78912,0.88063,0.17523,0.77088,-0.27204,0.54866,0.11086,-0.73754,0.06033,
1403715373262142976,-2.04921,-2.93515,0.89196,0.17372,0.76974,-0.27481,0.54936,0.07444,-0.73386,0.04906,
1403715373512142848,-2.03236,-3.11357,0.90661,0.18244,0.76997,-0.27218,0.54752,0.06484,-0.69766,0.04390,
1403715373712142848,-2.01509,-3.24401,0.91472,0.18775,0.77775,-0.24783,0.54629,0.09313,-0.61099,0.03124,
1403715373962142976,-1.97875,-3.37690,0.92057,0.15682,0.79059,-0.20404,0.55564,0.16471,-0.46219,0.02316,
1403715374162142976,-1.94193,-3.46283,0.92063,0.12036,0.80104,-0.16054,0.56399,0.18641,-0.37123,-0.00052,
1403715374362142976,-1.90547,-3.53552,0.92015,0.08411,0.81089,-0.11558,0.56747,0.17257,-0.33033,0.00535,
1403715374562142976,-1.86877,-3.60572,0.92249,0.06295,0.82261,-0.08520,0.55866,0.19968,-0.31455,0.01233,
1403715374762142976,-1.82170,-3.67249,0.92625,0.05647,0.82958,-0.07460,0.55050,0.28879,-0.29875,0.02010,
1403715375012142848,-1.73062,-3.74315,0.93288,0.06247,0.82545,-0.07343,0.55618,0.43332,-0.24564,0.01219,
1403715375212142848,-1.63766,-3.78210,0.93521,0.07001,0.81893,-0.07786,0.56426,0.49117,-0.15083,-0.00462,
1403715375412143104,-1.53879,-3.80284,0.93149,0.07297,0.81760,-0.08865,0.56422,0.51604,-0.07385,-0.01968,
1403715375612143104,-1.43534,-3.81075,0.92406,0.07239,0.81634,-0.10078,0.56408,0.52524,-0.02335,-0.05373,
1403715375812143104,-1.32918,-3.81353,0.91222,0.07578,0.81310,-0.10693,0.56717,0.54514,-0.00274,-0.05115,
1403715375962142976,-1.24855,-3.81228,0.90410,0.08228,0.81078,-0.10528,0.56990,0.54249,0.02238,-0.04430,
1403715376162142976,-1.14301,-3.80108,0.88948,0.07851,0.80838,-0.10694,0.57352,0.52386,0.07161,-0.08753,
1403715376312143104,-1.06584,-3.78836,0.87549,0.07224,0.80387,-0.10931,0.58020,0.50178,0.08700,-0.09244,
1403715376512142848,-0.97548,-3.76784,0.85535,0.07994,0.79751,-0.10098,0.58940,0.40044,0.12121,-0.12228,
1403715376662142976,-0.92095,-3.74498,0.83609,0.08150,0.80614,-0.09581,0.57820,0.35057,0.17358,-0.12664,
1403715376812143104,-0.87237,-3.71449,0.81890,0.08107,0.80714,-0.09129,0.57760,0.32020,0.22467,-0.09238,
1403715376962142976,-0.82822,-3.67629,0.80796,0.07969,0.79738,-0.08595,0.59198,0.27055,0.29310,-0.05464,
1403715377162142976,-0.78722,-3.60994,0.78997,0.07543,0.80033,-0.07933,0.58948,0.15660,0.37616,-0.08820,
1403715377312143104,-0.76845,-3.54977,0.77586,0.07226,0.80655,-0.07526,0.58189,0.11039,0.44470,-0.06862,
1403715377462142976,-0.75669,-3.48108,0.76431,0.06727,0.80477,-0.07365,0.58514,0.06228,0.49106,-0.06751,
1403715377662142976,-0.75212,-3.37956,0.74845,0.06307,0.80578,-0.07258,0.58435,-0.00707,0.54904,-0.07745,
1403715377762142976,-0.75226,-3.32739,0.73933,0.06202,0.80771,-0.07261,0.58179,-0.03135,0.56461,-0.07743,
1403715377962142976,-0.76348,-3.21122,0.72171,0.06058,0.80915,-0.07321,0.57987,-0.08107,0.61158,-0.08113,
1403715378112143104,-0.77421,-3.11914,0.70929,0.05277,0.80837,-0.07759,0.58114,-0.10429,0.63266,-0.07884,
1403715378312143104,-0.79906,-2.99446,0.69024,0.03951,0.80881,-0.08474,0.58059,-0.14790,0.60207,-0.10205,
1403715378462142976,-0.82329,-2.90902,0.67400,0.03505,0.81544,-0.08774,0.57107,-0.16911,0.53831,-0.08243,
1403715378662142976,-0.85614,-2.81036,0.65978,0.04437,0.82116,-0.08166,0.56308,-0.15295,0.48000,-0.03538,
1403715378812143104,-0.87376,-2.74351,0.65525,0.04625,0.82613,-0.08032,0.55580,-0.11221,0.44320,-0.00746,
1403715379062142976,-0.88564,-2.64194,0.66019,0.04495,0.82935,-0.08145,0.55093,0.00846,0.38311,0.05811,
1403715379212142848,-0.88040,-2.58914,0.67086,0.05379,0.82606,-0.07546,0.55591,0.05833,0.36331,0.07408,
1403715379412143104,-0.86230,-2.51672,0.68703,0.06527,0.82414,-0.06830,0.55845,0.10534,0.38788,0.08385,
1403715379562142976,-0.84092,-2.45579,0.69806,0.06844,0.82601,-0.06680,0.55549,0.15356,0.42903,0.07168,
1403715379712142848,-0.81073,-2.38864,0.70941,0.07043,0.82808,-0.06557,0.55229,0.22204,0.47818,0.08429,
1403715379912143104,-0.75494,-2.28662,0.72889,0.07383,0.82224,-0.06246,0.56086,0.31011,0.55158,0.10372,
1403715380112143104,-0.68837,-2.16676,0.74686,0.07272,0.81580,-0.06454,0.57010,0.33968,0.65162,0.07021,
1403715380362142976,-0.60994,-2.00001,0.76010,0.05684,0.81357,-0.07789,0.57342,0.30261,0.66665,0.04295,
1403715380512142848,-0.56767,-1.90207,0.76666,0.05953,0.81494,-0.07744,0.57126,0.28913,0.64283,0.04701,
1403715380662142976,-0.52910,-1.80331,0.77475,0.06142,0.81532,-0.07454,0.57090,0.26064,0.66391,0.06042,
1403715380862142976,-0.47946,-1.66605,0.78872,0.06149,0.81366,-0.07258,0.57351,0.23304,0.68989,0.04674,
1403715381112143104,-0.42431,-1.48756,0.80075,0.06313,0.81263,-0.07249,0.57480,0.19630,0.72956,0.02010,
1403715381312143104,-0.38811,-1.34139,0.80915,0.05869,0.80994,-0.08094,0.57793,0.16033,0.72563,0.00097,
1403715381512142848,-0.36034,-1.20139,0.81319,0.05791,0.80610,-0.08983,0.58205,0.11816,0.68025,-0.01293,
1403715381712142848,-0.34512,-1.06774,0.80684,0.06905,0.80980,-0.08743,0.57603,0.06308,0.66402,-0.05359,
1403715381912143104,-0.33530,-0.93298,0.79560,0.07608,0.82130,-0.08630,0.55877,0.06913,0.67254,-0.06276,
1403715382162142976,-0.31330,-0.76351,0.78532,0.09273,0.82286,-0.11600,0.54849,0.14179,0.68452,-0.04518,
1403715382362142976,-0.27943,-0.62939,0.78454,0.11167,0.81498,-0.15577,0.54688,0.21207,0.66144,-0.02251,
1403715382562142976,-0.22752,-0.49806,0.78130,0.13325,0.80588,-0.19293,0.54367,0.28774,0.65239,-0.02775,
1403715382762142976,-0.16260,-0.37255,0.77614,0.15025,0.79882,-0.22452,0.53750,0.35033,0.60611,-0.04242,
1403715383012142848,-0.06591,-0.22943,0.76811,0.17440,0.78808,-0.26183,0.52911,0.42382,0.54785,-0.04177,
1403715383162142976,0.00240,-0.15106,0.76037,0.17808,0.78304,-0.28163,0.52518,0.46903,0.51089,-0.05495,
1403715383362142976,0.10455,-0.06029,0.74763,0.17717,0.78018,-0.29431,0.52280,0.53155,0.41602,-0.07126,
1403715383512142848,0.18413,-0.00834,0.73990,0.17784,0.77581,-0.29768,0.52714,0.54322,0.31858,-0.05488,
1403715383712142848,0.29140,0.04035,0.72622,0.19374,0.76388,-0.31026,0.53169,0.51348,0.20826,-0.07504,
1403715383862142976,0.36457,0.06428,0.71444,0.21183,0.75189,-0.33337,0.52787,0.47823,0.15188,-0.07076,
1403715383962142976,0.40956,0.07621,0.70601,0.22699,0.74245,-0.35333,0.52192,0.45397,0.11823,-0.06831,
1403715384162142976,0.49337,0.09850,0.69040,0.25843,0.71945,-0.39746,0.50758,0.39706,0.09827,-0.05214,
1403715384362142976,0.56822,0.11433,0.68100,0.28452,0.69305,-0.44158,0.49369,0.34524,0.06413,-0.03378,
1403715384512142848,0.61762,0.12250,0.67642,0.30162,0.67336,-0.47280,0.48174,0.29687,0.04029,-0.03628,
1403715384712142848,0.67108,0.12271,0.67160,0.32141,0.65165,-0.51205,0.45809,0.22534,-0.03407,-0.00793,
1403715384912143104,0.71132,0.10648,0.67399,0.34053,0.62764,-0.54450,0.44003,0.16963,-0.12414,0.02986,
1403715385062142976,0.73472,0.08257,0.68093,0.35483,0.61446,-0.55547,0.43357,0.12881,-0.19268,0.05362,
1403715385262142976,0.75416,0.04015,0.69338,0.37579,0.60410,-0.56401,0.41920,0.10205,-0.24035,0.07635,
1403715385462142976,0.77178,-0.01258,0.70520,0.38224,0.59689,-0.57182,0.41308,0.10132,-0.27659,0.06930,
1403715385662142976,0.78722,-0.07259,0.72064,0.37365,0.58595,-0.57933,0.42595,0.06815,-0.30231,0.08025,
1403715385862142976,0.78667,-0.13706,0.74185,0.36915,0.58097,-0.57904,0.43694,-0.05757,-0.32676,0.12830,
1403715386112143104,0.74797,-0.21813,0.77599,0.39011,0.58443,-0.56207,0.43626,-0.19225,-0.27628,0.11904,
1403715386262142976,0.71693,-0.25804,0.79038,0.39326,0.58843,-0.56044,0.43012,-0.21212,-0.22827,0.06724,
1403715386462142976,0.67390,-0.30029,0.80366,0.39469,0.58496,-0.56125,0.43249,-0.22249,-0.18090,0.04937,
1403715386662142976,0.62687,-0.32829,0.80822,0.39195,0.57708,-0.56373,0.44223,-0.25372,-0.08881,0.00674,
1403715386862142976,0.56716,-0.33568,0.79782,-0.37418,-0.57442,0.57478,-0.44684,-0.34257,0.01085,-0.06070,
1403715387112143104,0.45117,-0.33400,0.77865,-0.36073,-0.57827,0.58238,-0.44307,-0.56286,0.01201,-0.08588,
1403715387312143104,0.32489,-0.33854,0.76083,0.37286,0.58855,-0.57222,0.43262,-0.67082,-0.01028,-0.09521,
1403715387662142976,0.08010,-0.34825,0.73302,0.36886,0.60134,-0.56883,0.42281,-0.72161,-0.05137,0.04628,
1403715387912143104,-0.10117,-0.37381,0.77521,0.35943,0.60972,-0.56779,0.42032,-0.73817,-0.15604,0.19777,
1403715388062142976,-0.21565,-0.40044,0.78981,0.35778,0.61194,-0.56517,0.42202,-0.75850,-0.20738,0.00568,
1403715388312143104,-0.40912,-0.46228,0.75428,0.36528,0.61084,-0.55597,0.42935,-0.77953,-0.28365,-0.24739,
1403715388512142848,-0.56447,-0.52226,0.70331,0.37070,0.61098,-0.55091,0.43103,-0.77742,-0.31536,-0.25458,
1403715388762142976,-0.75457,-0.60008,0.64141,0.37216,0.60994,-0.54884,0.43387,-0.75968,-0.31603,-0.21433,
1403715389012142848,-0.94001,-0.67915,0.60375,0.37470,0.61197,-0.54437,0.43447,-0.73718,-0.32655,-0.02822,
1403715389212142848,-1.08417,-0.74432,0.61925,0.37709,0.61497,-0.53926,0.43452,-0.69982,-0.33600,0.13377,
1403715389412143104,-1.22010,-0.80585,0.64166,0.38071,0.61993,-0.53343,0.43151,-0.65158,-0.30687,0.10263,
1403715389612143104,-1.34280,-0.86369,0.65709,0.37667,0.61981,-0.53354,0.43507,-0.58411,-0.29435,0.06419,
1403715389862142976,-1.47865,-0.93468,0.66607,0.35846,0.63039,-0.52236,0.44862,-0.53094,-0.28669,0.00824,
1403715390112143104,-1.60953,-1.00966,0.65941,0.33051,0.66323,-0.49731,0.45119,-0.50576,-0.32774,-0.03836,
1403715390312143104,-1.70488,-1.08588,0.64728,0.31279,0.69091,-0.46684,0.45483,-0.41864,-0.42008,-0.05734,
1403715390512142848,-1.78262,-1.17872,0.63256,0.30117,0.71361,-0.42858,0.46517,-0.32078,-0.48434,-0.06298,
1403715390762142976,-1.84459,-1.30247,0.61396,0.27780,0.73369,-0.38663,0.48481,-0.15089,-0.48443,-0.07493,
1403715391012142848,-1.87173,-1.43320,0.59345,0.24708,0.74548,-0.37187,0.49490,-0.05277,-0.54720,-0.07253,
1403715391212142848,-1.87428,-1.54939,0.57813,0.22463,0.75117,-0.36214,0.50413,0.02377,-0.61954,-0.06057,
1403715391462142976,-1.86685,-1.72106,0.56600,0.21275,0.75184,-0.35090,0.51608,0.04262,-0.73991,-0.05210,
1403715391662142976,-1.85696,-1.87810,0.55748,0.20423,0.75230,-0.34860,0.52039,0.05896,-0.82975,-0.00138,
1403715391912143104,-1.84286,-2.09681,0.58970,0.20006,0.76132,-0.32032,0.52703,0.05935,-0.92885,0.26425,
1403715392062142976,-1.83473,-2.23528,0.62839,0.19612,0.77166,-0.30621,0.52184,0.07994,-0.94699,0.25371,
1403715392262142976,-1.81255,-2.42663,0.67840,0.18909,0.77706,-0.29518,0.52276,0.16065,-0.97820,0.24623,
1403715392412143104,-1.78450,-2.57311,0.71723,0.18181,0.77489,-0.27433,0.53966,0.21163,-0.98700,0.26351,
1403715392612143104,-1.74483,-2.76508,0.76402,0.16976,0.77281,-0.23494,0.56458,0.18657,-0.92075,0.18021,
1403715392812143104,-1.71607,-2.93852,0.79318,0.14653,0.78389,-0.19642,0.57049,0.12833,-0.82986,0.12044,
1403715393012142848,-1.69400,-3.09493,0.81174,0.11839,0.80462,-0.15605,0.56055,0.11671,-0.74132,0.10426,
1403715393212142848,-1.66771,-3.23460,0.82704,0.09350,0.81435,-0.10621,0.56286,0.14688,-0.65596,0.06226,
1403715393412143104,-1.63544,-3.35356,0.83650,0.06736,0.81503,-0.04989,0.57332,0.16666,-0.52751,0.04865,
1403715393612143104,-1.60329,-3.44247,0.83991,0.03891,0.81312,0.00753,0.58075,0.13661,-0.36140,0.00590,
1403715393812143104,-1.57802,-3.49427,0.83585,-0.01219,0.81567,0.04986,0.57623,0.10609,-0.19424,-0.02834,
1403715393962142976,-1.56184,-3.51834,0.83129,-0.04646,0.81676,0.08228,0.56919,0.09313,-0.13021,-0.01908,
1403715394112143104,-1.54681,-3.53606,0.82531,-0.07787,0.81289,0.11660,0.56529,0.08886,-0.09432,-0.03221,
1403715394312143104,-1.52999,-3.55014,0.81601,-0.11451,0.80226,0.17002,0.56068,0.07175,-0.03223,-0.04020,
1403715394562142976,-1.51627,-3.55293,0.80957,-0.15597,0.77591,0.24157,0.56150,0.00955,0.03021,-0.02515,
1403715394762142976,-1.52343,-3.54510,0.80193,-0.19750,0.75979,0.29375,0.54536,-0.09703,0.07208,-0.05947,
1403715394962142976,-1.54632,-3.53143,0.79336,-0.23737,0.74167,0.35141,0.51970,-0.14143,0.10225,-0.04413,
1403715395112143104,-1.56761,-3.51728,0.78962,-0.26686,0.72045,0.39746,0.50177,-0.15990,0.13301,-0.04597,
1403715395362142976,-1.60904,-3.48289,0.78157,-0.30847,0.68470,0.46058,0.47319,-0.17973,0.18194,-0.05730,
1403715395562142976,-1.64680,-3.44974,0.76675,-0.33475,0.66074,0.49761,0.45139,-0.18971,0.21073,-0.11002,
1403715395762142976,-1.68563,-3.40800,0.74123,-0.35511,0.63815,0.52662,0.43512,-0.18774,0.26023,-0.14889,
1403715396012142848,-1.73474,-3.34139,0.70016,-0.37696,0.62419,0.54269,0.41687,-0.18422,0.31219,-0.15863,
1403715396212142848,-1.76354,-3.28304,0.67129,-0.39474,0.62648,0.53424,0.40779,-0.08313,0.30868,-0.12772,
1403715396412143104,-1.77444,-3.22361,0.65115,-0.38348,0.61940,0.53871,0.42317,-0.00970,0.31473,-0.10804,
1403715396612143104,-1.78296,-3.16293,0.63018,-0.37696,0.60941,0.54822,0.43124,-0.05048,0.31916,-0.12089,
1403715396812143104,-1.80390,-3.10641,0.60427,-0.38688,0.59911,0.55930,0.42258,-0.11113,0.29551,-0.14875,
1403715397062142976,-1.83172,-3.03775,0.56003,-0.38508,0.59975,0.57656,0.39949,-0.11345,0.31592,-0.19894,
1403715397262142976,-1.85058,-2.97035,0.52020,-0.39121,0.60604,0.57829,0.38112,-0.09347,0.42016,-0.19424,
1403715397462142976,-1.85589,-2.88042,0.48492,-0.40336,0.61144,0.57132,0.37019,0.02244,0.52521,-0.16596,
1403715397662142976,-1.83594,-2.76861,0.45903,-0.40943,0.60950,0.56794,0.37191,0.17606,0.62287,-0.09739,
1403715397862142976,-1.79141,-2.64373,0.44943,-0.41492,0.59995,0.56365,0.38756,0.28183,0.65654,-0.01966,
1403715398062142976,-1.73223,-2.51899,0.44925,-0.41682,0.58676,0.55980,0.41060,0.31989,0.62602,-0.01107,
1403715398262142976,-1.67065,-2.40730,0.43793,-0.41664,0.58110,0.55599,0.42381,0.30767,0.50896,-0.08536,
1403715398462142976,-1.61277,-2.32445,0.41404,-0.40794,0.58646,0.55684,0.42378,0.28485,0.39358,-0.10493,
1403715398712142848,-1.54988,-2.24567,0.39145,-0.40056,0.58252,0.55441,0.43915,0.21850,0.27155,-0.05803,
1403715398912143104,-1.51971,-2.20781,0.37922,-0.39304,0.57379,0.55512,0.45620,0.07996,0.14745,-0.05125,
1403715399162142976,-1.52578,-2.19429,0.36710,-0.39658,0.57574,0.55523,0.45052,-0.12111,-0.02005,-0.03881,
1403715399362142976,-1.55842,-2.21440,0.36127,-0.39872,0.57748,0.55829,0.44255,-0.20747,-0.15294,-0.02341,
1403715399562142976,-1.60887,-2.25394,0.35551,-0.38622,0.58089,0.56821,0.43652,-0.30634,-0.23525,-0.03048,
1403715399812143104,-1.69901,-2.31083,0.35221,-0.37508,0.60324,0.57234,0.40970,-0.39013,-0.19421,0.02062,
1403715400012142848,-1.78073,-2.33859,0.36272,-0.36647,0.60983,0.57127,0.40922,-0.41560,-0.08905,0.07483,
1403715400262142976,-1.89276,-2.34119,0.38346,-0.34733,0.62226,0.55239,0.43246,-0.48654,0.05761,0.08866,
1403715400512142848,-2.03023,-2.31183,0.39969,-0.31771,0.65058,0.51808,0.45541,-0.61326,0.18378,0.04039,
1403715400712142848,-2.16044,-2.26694,0.40491,-0.29804,0.68802,0.47218,0.46352,-0.66260,0.27433,-0.00438,
1403715400912143104,-2.29405,-2.20290,0.40306,-0.28042,0.72432,0.41809,0.47109,-0.65458,0.37317,-0.04348,
1403715401112143104,-2.41654,-2.12006,0.39954,-0.26484,0.74860,0.38446,0.47080,-0.55476,0.45888,0.00382,
1403715401312143104,-2.51359,-2.01868,0.40782,-0.24432,0.75490,0.37768,0.47727,-0.42390,0.57851,0.06439,
1403715401512142848,-2.58875,-1.88807,0.42514,-0.24367,0.75180,0.37135,0.48736,-0.31361,0.72203,0.11457,
1403715401812143104,-2.65985,-1.66706,0.46250,-0.26649,0.74792,0.34169,0.50284,-0.16041,0.75056,0.12706,
1403715401962142976,-2.67806,-1.56360,0.47785,-0.25877,0.74827,0.33508,0.51073,-0.09853,0.68642,0.09980,
1403715402212142848,-2.69545,-1.40261,0.49777,-0.25028,0.73473,0.33761,0.53249,-0.06904,0.62431,0.06025,
1403715402412143104,-2.70817,-1.29624,0.50075,-0.23144,0.73811,0.33214,0.53973,-0.09748,0.51443,-0.00545,
1403715402612143104,-2.73020,-1.20155,0.50259,-0.20234,0.74021,0.31903,0.55621,-0.16948,0.50637,0.00614,
1403715402812143104,-2.77674,-1.10357,0.50249,-0.19971,0.74916,0.30085,0.55530,-0.30649,0.50765,-0.02615,
1403715403012142848,-2.84580,-1.00408,0.49924,-0.21040,0.76885,0.28174,0.53406,-0.34199,0.50006,-0.01465,
1403715403212142848,-2.90693,-0.90965,0.50024,-0.21058,0.78713,0.27480,0.51045,-0.22889,0.47024,0.04639,
1403715403462142976,-2.94144,-0.79632,0.51587,-0.19760,0.78725,0.27758,0.51394,-0.03821,0.47237,0.07197,
1403715403612143104,-2.94093,-0.73021,0.52566,-0.18661,0.79060,0.26271,0.52069,0.04525,0.47016,0.04853,
1403715403862142976,-2.91320,-0.61673,0.53339,-0.16224,0.80974,0.21714,0.52044,0.20097,0.47565,0.04445,
1403715404062142976,-2.85775,-0.52477,0.54613,-0.13717,0.81779,0.17729,0.53007,0.34382,0.45265,0.08193,
1403715404262142976,-2.77825,-0.43259,0.56352,-0.09815,0.81452,0.15035,0.55165,0.42352,0.47316,0.07021,
1403715404512142848,-2.67253,-0.29888,0.57480,-0.06800,0.81238,0.13375,0.56349,0.42143,0.58551,0.02468,
1403715404712142848,-2.59301,-0.17032,0.57080,-0.06971,0.81010,0.12316,0.56895,0.38183,0.67469,-0.03093,
1403715404912143104,-2.51922,-0.03537,0.55987,-0.07721,0.81037,0.10608,0.57105,0.36038,0.68033,-0.05719,
1403715405112143104,-2.45035,0.09121,0.54442,-0.07171,0.80996,0.06898,0.57798,0.31515,0.61648,-0.08118,
1403715405312143104,-2.39218,0.19572,0.52465,-0.04765,0.81609,0.01372,0.57580,0.26879,0.48397,-0.09622,
1403715405462142976,-2.34984,0.25609,0.50857,-0.01736,0.82028,-0.02568,0.57113,0.25857,0.39760,-0.10214,
1403715405612143104,-2.30963,0.30541,0.49430,0.01473,0.82156,-0.06417,0.56631,0.25429,0.31671,-0.09496,
1403715405862142976,-2.23798,0.37775,0.47076,0.07257,0.82365,-0.11742,0.55004,0.31365,0.27791,-0.12274,
1403715406062142976,-2.16768,0.42990,0.45104,0.10779,0.80922,-0.16867,0.55235,0.38370,0.24770,-0.12290,
1403715406262142976,-2.09130,0.47514,0.42336,0.14156,0.79227,-0.21998,0.55126,0.39168,0.22230,-0.16848,
1403715406462142976,-2.01486,0.51470,0.38703,0.16413,0.77914,-0.27307,0.53984,0.39414,0.17577,-0.19662,
1403715406712142848,-1.92303,0.54775,0.33635,0.19341,0.75969,-0.33156,0.52492,0.36464,0.06448,-0.20359,
1403715406912143104,-1.85959,0.55407,0.29583,0.22797,0.74041,-0.36788,0.51428,0.32845,-0.01503,-0.17641,
1403715407162142976,-1.79168,0.54556,0.25447,0.26083,0.71779,-0.41460,0.49483,0.28834,-0.07606,-0.15410,
1403715407362142976,-1.73679,0.52631,0.22825,0.27018,0.71556,-0.44152,0.46908,0.30652,-0.17367,-0.09988,
1403715407612143104,-1.65030,0.46122,0.21377,0.28276,0.70856,-0.44709,0.46702,0.38246,-0.34405,-0.00902,
1403715407812143104,-1.56588,0.38491,0.21794,0.30200,0.70755,-0.43268,0.47006,0.44534,-0.40207,0.02118,
1403715408012142848,-1.46911,0.30189,0.22600,0.30126,0.70557,-0.42967,0.47624,0.51725,-0.41796,0.08420,
1403715408212142848,-1.36532,0.21702,0.27143,0.29582,0.70270,-0.43058,0.48302,0.54047,-0.43196,0.31340,
1403715408462142976,-1.23206,0.10734,0.34136,0.29370,0.69991,-0.42571,0.49258,0.55951,-0.43817,0.12475,
1403715408612143104,-1.15506,0.04448,0.35434,0.29008,0.69988,-0.40895,0.50871,0.54314,-0.40534,-0.05119,
1403715408812143104,-1.05370,-0.02751,0.34799,0.27581,0.71073,-0.37229,0.52933,0.48825,-0.30178,-0.04309,
1403715408962142976,-0.98355,-0.06754,0.34318,0.25280,0.72631,-0.34140,0.54039,0.44660,-0.21262,-0.00222,
1403715409112143104,-0.92232,-0.09622,0.34648,0.22540,0.74184,-0.30777,0.55149,0.37605,-0.13867,0.05143,
1403715409262142976,-0.87714,-0.11558,0.35641,0.19705,0.75443,-0.28425,0.55787,0.27788,-0.10171,0.08464,
1403715409412143104,-0.84446,-0.13348,0.37514,0.18105,0.76207,-0.26980,0.56007,0.18829,-0.09955,0.14777,
1403715409512142848,-0.83352,-0.14435,0.39365,0.18158,0.76430,-0.26043,0.56130,0.13302,-0.09637,0.18209,
1403715409612143104,-0.82250,-0.15560,0.41244,0.18578,0.76794,-0.25862,0.55576,0.09678,-0.08551,0.18410,
1403715409812143104,-0.80702,-0.16919,0.44947,0.18377,0.77703,-0.27122,0.53748,0.07809,-0.07441,0.20206,
1403715409912143104,-0.80132,-0.17267,0.47043,0.18372,0.78123,-0.27884,0.52743,0.09756,-0.07734,0.21117,
1403715410062142976,-0.78139,-0.18604,0.50417,0.18525,0.78425,-0.28823,0.51726,0.16617,-0.12033,0.24267,
1403715410162142976,-0.76124,-0.19821,0.52844,0.19142,0.77963,-0.28955,0.52124,0.20810,-0.15215,0.23559,
1403715410312143104,-0.72677,-0.22184,0.54873,0.19878,0.77105,-0.28945,0.53121,0.24516,-0.15830,0.03717,
1403715410462142976,-0.69012,-0.24424,0.54264,0.20425,0.76858,-0.28709,0.53400,0.25687,-0.14068,-0.04774,
1403715410612143104,-0.65421,-0.26299,0.53072,0.21107,0.77067,-0.28069,0.53172,0.29228,-0.10825,-0.05332,
1403715410712142848,-0.62649,-0.27432,0.52559,0.21042,0.77064,-0.27868,0.53308,0.31260,-0.09172,-0.05010,
1403715410862142976,-0.58136,-0.28732,0.52273,0.20868,0.76150,-0.27401,0.54908,0.30444,-0.06032,-0.02594,
1403715410962142976,-0.55476,-0.29079,0.51727,0.20571,0.75939,-0.27116,0.55450,0.27497,-0.01316,-0.06305,
1403715411112143104,-0.51984,-0.28800,0.50403,0.19508,0.76639,-0.27031,0.54911,0.22760,0.03984,-0.07658,
1403715411262142976,-0.48690,-0.28187,0.49490,0.18171,0.76966,-0.27282,0.54788,0.20783,0.04904,-0.03863,
1403715411412143104,-0.45841,-0.27536,0.49083,0.17510,0.76465,-0.27227,0.55724,0.16114,0.04524,-0.02735,
1403715411512142848,-0.44607,-0.27081,0.48767,0.17391,0.76037,-0.26993,0.56457,0.10725,0.04590,-0.03633,
1403715411662142976,-0.43813,-0.26284,0.47906,0.17518,0.76602,-0.26492,0.55887,0.04102,0.05636,-0.04958,
1403715411812143104,-0.43504,-0.25534,0.47027,0.17651,0.77012,-0.26083,0.55473,0.00040,0.06266,-0.05488,
1403715411912143104,-0.43551,-0.24951,0.46388,0.17618,0.77125,-0.25952,0.55387,-0.02566,0.07111,-0.05417,
1403715412062142976,-0.44108,-0.23889,0.45289,0.17377,0.77172,-0.26015,0.55369,-0.05002,0.07819,-0.06227,
1403715412162142976,-0.44621,-0.23145,0.44646,0.17343,0.77293,-0.26061,0.55189,-0.06514,0.07785,-0.05751,
1403715412312143104,-0.45616,-0.21917,0.43735,0.17391,0.77486,-0.26083,0.54892,-0.07750,0.08261,-0.06361,
1403715412462142976,-0.46826,-0.20671,0.42721,0.17286,0.77641,-0.26264,0.54619,-0.08366,0.08465,-0.06199,
1403715412612143104,-0.48056,-0.19465,0.41959,0.17250,0.77878,-0.26367,0.54242,-0.07248,0.06919,-0.05001,
1403715412712142848,-0.48802,-0.18801,0.41629,0.17283,0.78044,-0.26352,0.54000,-0.06010,0.05769,-0.04451,
1403715412862142976,-0.49665,-0.17919,0.41305,0.17320,0.78235,-0.26346,0.53713,-0.04365,0.04472,-0.02024,
1403715413012142848,-0.50235,-0.17209,0.41302,0.17508,0.78074,-0.26295,0.53912,-0.01798,0.03316,-0.02749,
1403715413112143104,-0.50419,-0.16715,0.40524,0.17758,0.77923,-0.26202,0.54094,-0.00558,0.03981,-0.12543,
1403715413262142976,-0.50482,-0.15953,0.37445,0.17910,0.77699,-0.26140,0.54394,-0.00706,0.05666,-0.27279,
1403715413412143104,-0.50625,-0.15102,0.32735,0.17142,0.77326,-0.26695,0.54902,-0.01874,0.06048,-0.30628,
1403715413512142848,-0.50817,-0.14694,0.29966,0.16764,0.77167,-0.26969,0.55108,-0.03257,0.04734,-0.24571,
1403715413662142976,-0.51629,-0.14325,0.26868,0.17199,0.77149,-0.26714,0.55123,-0.07178,0.02352,-0.16424,
1403715413812143104,-0.52855,-0.13950,0.24105,0.17854,0.77296,-0.26329,0.54894,-0.09177,0.03299,-0.21360,
1403715413912143104,-0.53663,-0.13648,0.21753,0.18065,0.77389,-0.26214,0.54749,-0.08834,0.03832,-0.25093,
1403715414062142976,-0.54941,-0.13007,0.18471,0.18289,0.77413,-0.26029,0.54729,-0.09918,0.07344,-0.15005,
1403715414212142848,-0.56251,-0.11798,0.17393,0.17983,0.78104,-0.26349,0.53686,-0.08291,0.09383,0.00164,
1403715414362142976,-0.56750,-0.10659,0.18477,0.17672,0.78942,-0.26683,0.52381,-0.00586,0.06797,0.07725,
1403715414512142848,-0.55987,-0.09968,0.19464,0.17952,0.78928,-0.26526,0.52387,0.08075,0.04214,0.00572,
1403715414662142976,-0.54117,-0.09372,0.19179,0.18294,0.78277,-0.26324,0.53340,0.14578,0.04784,-0.07337,
1403715414762142976,-0.52650,-0.08791,0.18350,0.18053,0.77765,-0.26580,0.54039,0.15656,0.06267,-0.10588,
1403715414962142976,-0.49672,-0.07722,0.15178,0.16442,0.76917,-0.28107,0.54985,0.13459,0.03341,-0.18686,
1403715415062142976,-0.48643,-0.07447,0.12962,0.15846,0.76559,-0.28798,0.55301,0.10712,0.00457,-0.19981,
1403715415212142848,-0.47707,-0.07668,0.09921,0.15824,0.76238,-0.29356,0.55458,0.03423,-0.04636,-0.18370,
1403715415312143104,-0.47621,-0.08230,0.08267,0.16676,0.76272,-0.29101,0.55296,-0.00789,-0.08261,-0.14063,
1403715415412143104,-0.47849,-0.09076,0.06960,0.18285,0.76485,-0.28392,0.54860,-0.03097,-0.08952,-0.10531,
1403715415562142976,-0.48442,-0.10109,0.05840,0.20070,0.76806,-0.27608,0.54183,-0.01837,-0.05347,-0.05353,
1403715415712142848,-0.48664,-0.10474,0.03965,0.20753,0.76726,-0.27497,0.54096,-0.01031,0.00133,-0.19507,
1403715415812143104,-0.48602,-0.10349,0.03919,0.20687,0.76813,-0.27579,0.53956,0.02497,0.01139,0.09592,
1403715415962142976,-0.48069,-0.09727,0.04021,0.20814,0.76507,-0.27548,0.54356,0.03213,0.04966,-0.03939,
1403715416062142976,-0.48077,-0.09710,0.03954,0.20950,0.76749,-0.27410,0.54031,0.00041,-0.01542,0.04092,
1403715416162142976,-0.48034,-0.09731,0.04029,0.20986,0.76658,-0.27474,0.54114,0.01025,-0.00122,0.00394,
1403715416312143104,-0.47969,-0.09655,0.03855,0.20731,0.76778,-0.27665,0.53945,-0.00050,-0.00210,0.01084,
1403715416412143104,-0.47961,-0.09700,0.03766,0.20710,0.76816,-0.27696,0.53882,0.00014,-0.00409,0.01772,
1403715416562142976,-0.47997,-0.09590,0.03734,0.20709,0.76808,-0.27702,0.53891,-0.00797,0.00189,0.00979,
1403715416662142976,-0.48040,-0.09583,0.03713,0.20650,0.76833,-0.27745,0.53856,-0.00602,0.01111,0.00729,
1403715416762142976,-0.48055,-0.09492,0.03655,0.20638,0.76832,-0.27753,0.53858,-0.00981,0.01834,0.00579,
1403715416862142976,-0.48054,-0.09446,0.03600,0.20636,0.76826,-0.27755,0.53866,-0.00162,0.01306,0.00624,
1403715417012142848,-0.48098,-0.09354,0.03640,0.20617,0.76819,-0.27766,0.53879,-0.00654,0.02255,0.01129,
1403715417162142976,-0.48114,-0.09347,0.03682,0.20600,0.76835,-0.27782,0.53853,-0.00535,0.02095,0.01294,
1403715417262142976,-0.48144,-0.09326,0.03676,0.20598,0.76827,-0.27774,0.53870,-0.00579,0.02446,0.01380,
1403715417362142976,-0.48198,-0.09323,0.03687,0.20584,0.76830,-0.27779,0.53868,-0.00593,0.01886,0.01396,
1403715417512142848,-0.48239,-0.09261,0.03731,0.20567,0.76823,-0.27788,0.53880,-0.01123,0.02124,0.01643,
1403715417612143104,-0.48217,-0.09302,0.03717,0.20561,0.76826,-0.27800,0.53872,-0.01016,0.01790,0.01621,
1403715417762142976,-0.48223,-0.09241,0.03777,0.20553,0.76822,-0.27801,0.53880,-0.00951,0.02044,0.01980,
1403715417862142976,-0.48194,-0.09278,0.03766,0.20551,0.76827,-0.27809,0.53870,-0.00997,0.01743,0.02006,
1403715417962142976,-0.48196,-0.09252,0.03806,0.20552,0.76829,-0.27807,0.53867,-0.00922,0.02082,0.02275,
1403715418062142976,-0.48194,-0.09240,0.03860,0.20546,0.76829,-0.27810,0.53868,-0.00850,0.01710,0.02376,
1403715418212142848,-0.48194,-0.09204,0.03968,0.20542,0.76833,-0.27816,0.53860,-0.01057,0.01802,0.02501,
1403715418362142976,-0.48194,-0.09217,0.04016,0.20540,0.76837,-0.27819,0.53855,-0.01162,0.01507,0.02645,
1403715418462142976,-0.48192,-0.09231,0.03974,0.20539,0.76834,-0.27817,0.53860,-0.01084,0.01524,0.02741,
1403715418562142976,-0.48176,-0.09211,0.03989,0.20535,0.76835,-0.27824,0.53856,-0.01103,0.01706,0.02692,
1403715418662142976,-0.48132,-0.09204,0.04033,0.20534,0.76835,-0.27830,0.53853,-0.01048,0.01661,0.02977,
1403715418762142976,-0.48104,-0.09210,0.04082,0.20528,0.76837,-0.27834,0.53852,-0.00958,0.01435,0.03180,
